名	裸	神品四件	专属四件
刘备	0.324	0.386	0.528
关羽	0.186	0.319	0.370
张飞	0.217	0.355	0.522
赵云	0.281	0.425	0.519
马超	0.089	0.198	0.268
黄忠	0.184	0.353	0.419
诸葛亮	0.386	0.449	0.500
庞统	0.288	0.360	0.453
姜维	0.244	0.385	0.420
法正	0.116	0.209	0.256
曹操	0.224	0.301	0.406
张辽	0.229	0.360	0.452
典韦	0.114	0.221	0.315
许褚	0.125	0.292	0.357
夏侯惇	0.207	0.346	0.538
郭嘉	0.119	0.210	0.262
荀彧	0.242	0.320	0.391
司马懿	0.168	0.257	0.293
贾诩	0.229	0.306	0.363
邓艾	0.216	0.329	0.431
孙坚	0.172	0.303	0.374
孙策	0.123	0.238	0.297
孙权	0.358	0.418	0.556
周瑜	0.347	0.397	0.461
陆逊	0.397	0.459	0.513
太史慈	0.152	0.274	0.347
甘宁	0.272	0.413	0.518
吕蒙	0.141	0.253	0.327
吕布	0.141	0.280	0.408
董卓	0.064	0.213	0.285
貂蝉	0.218	0.281	0.461
华佗	0.230	0.287	0.384
王允	0.218	0.289	0.364
陈宫	0.215	0.300	0.372
袁绍	0.181	0.261	0.381
左慈	0.285	0.348	0.436