名	生平
刘备	涿郡涿县人，中山靖王之后，到他这一辈，家里靠织席贩履过日子。身长七尺五寸，垂手过膝，回头能看见自己的耳朵。｜半辈子都在投人，公孙瓒、陶谦、吕布、曹操、袁绍、刘表，换了好几个主人，也丢过好几回妻儿。曹操请他喝酒，讲「今天下英雄，唯使君与操耳」，他手里的筷子掉在了地上。当阳路上十几万百姓跟着他，一天只走十几里，有人劝他丢下百姓快走，他不肯：「夫济大事必以人为本，今人归吾，吾何忍弃去！」｜章武三年，他在白帝城把诸葛亮叫到床前：「若嗣子可辅，辅之；如其不才，君可自取。」托孤之后，刘备病逝于永安，蜀汉由刘禅继位。
关羽	河东解良人，犯了事，一路逃到涿郡。在那里认识了刘备和张飞，三个人睡一张床。人多的场合，他和张飞整天站在刘备身后。｜下邳城破，他降了曹操。白马一战，他远远望见颜良的麾盖，策马冲进万人之中，刺死颜良，割了首级回来。曹操给的赏赐，他一样样封好，留下一封信就走了。｜后来他镇守荆州。左臂中过一箭，医生剖开皮肉刮骨，血淌了一盘子，他照旧割肉喝酒，跟人说笑。建安二十四年秋天汉水暴涨，于禁的七军全泡在水里。同年冬天，吕蒙的兵扮成商人过了江。他从麦城突围，在临沮被吴军擒获，与关平一同遇害。
张飞	涿郡人，年轻时和关羽一起跟了刘备。关羽比他大几岁，他拿关羽当兄长。｜当阳长坂，刘备丢下妻儿往南跑，留他带二十骑断后。他据水断了桥，瞪眼横矛喝道：「身是张益德也，可来共决死！」曹兵没一个敢上前。入蜀时他在江州捉了巴郡太守严颜，喝问他为什么不降，严颜答：「但有断头将军，无降将军也。」他听完，叫人给严颜松了绑，待为宾客。｜他敬重读书人，对手下兵卒却动辄鞭打，打完还留在身边。章武元年，他准备从阆中出兵，帐下将张达、范疆割了他的头，顺流投了孙权。营都督的表送到，刘备一听是都督上表，便道：「噫！飞死矣。」
赵云	常山真定人，原先在公孙瓒手下，后来跟了刘备，替他主管骑兵。｜长坂坡乱军里，有人跑来报告，赵云往北投曹操去了。刘备抓起手戟朝那人掷过去：「子龙不弃我走也。」没过多久，赵云抱着阿斗、护着甘夫人回来了。汉水边曹军大至，他退回营里，把营门打开，旗放倒，鼓也不敲。曹兵怕有伏兵，退了，他这才擂鼓，拿劲弩从背后射。第二天刘备到营里看了一圈：「子龙一身都是胆也。」｜箕谷失利，他亲自断后，军资什物几乎没丢。诸葛亮要把剩下的绢分给他的将士，他不要：「军事无利，何为有赐？」建兴七年，赵云去世，后被追谥为顺平侯。
马超	马腾的儿子，扶风茂陵人，在西州一带，羌人、胡人都服他。｜建安十六年，他联合韩遂起兵，在潼关跟曹操对峙。两边约好单马会语，他仗着力气，想冲上前去一把抓住曹操，看见曹操身后跟着许褚，没敢动手。曹操用贾诩的计离间他和韩遂，关西兵溃了。第二年，他留在邺城的父亲和族人都死在曹操手里。｜他辗转投了张鲁，又投刘备。刘备围成都，他的兵一到城北，城里就慌了，没多久刘璋开城出降。章武二年他病重，上疏后去世，临终嘱咐宗族传承：「臣门宗二百余口，为孟德所诛略尽，惟有从弟岱，当为微宗血食之继。」
黄忠	南阳人，原是刘表的中郎将，跟刘表的侄子刘磐守长沙攸县。曹操取荆州，他归了曹；刘备南下定四郡，他又归了刘备，随刘备入蜀。｜建安二十四年，夏侯渊在定军山扎营。黄忠推锋向前，鼓声震动山谷，一仗下来斩了夏侯渊。刘备要封他后将军，和关羽同列，诸葛亮担心：「关羽远闻之，恐必不悦。」关羽果然不高兴：「大丈夫终不与老兵同列！」｜史书记黄忠于建安二十五年去世。演义另写他七十五岁，跟着刘备伐吴，在猇亭杀进吴军，肩窝上中了马忠一箭，当夜死在营中。
诸葛亮	琅邪阳都人，少年时跟叔父到了荆州，在隆中种地，常把自己比作管仲、乐毅。刘备去了三回才见到他。｜他给刘备画的路是：先取荆、益二州，西和诸戎，南抚夷越，外结孙权。刘备死后，蜀汉的事都归他管，罚二十杖以上的案子，他都要亲自过目。｜建兴十二年他最后一次出斜谷，在五丈原分兵屯田，和司马懿对峙了一百多天。司马懿向来使打听他吃多少、睡多少，来使答吃得很少。那年八月他死在军中。蜀军撤退，司马懿追来，姜维叫人反旗鸣鼓，司马懿收兵回去了。百姓编了一句：「死诸葛走生仲达。」
庞统	襄阳人，少时朴钝，没人看重他。二十岁去见司马徽，司马徽在树上采桑，他坐在树下，两个人从白天谈到夜里。｜刘备领荆州，让他去守耒阳，他不理县事，免了官。鲁肃写信给刘备：「庞士元非百里才也。」诸葛亮也这么讲，刘备才重用他，拿他当军师中郎将。｜入蜀路上他献了上中下三计，刘备取中计，斩杨怀、高沛，回头打成都。围雒城时他亲自领兵攻城，中流矢身亡，年三十六。刘备一提起他就流泪。演义里那地方叫落凤坡，他那天骑的是刘备的白马。
姜维	天水冀县人，本是魏将。建兴六年诸葛亮出祁山，天水太守马遵疑心手下有二心，连夜跑去了上邽。他追到上邽，城门不开，回到冀县，冀县也不开，只好去投诸葛亮。｜诸葛亮给张裔、蒋琬写信，夸他「心存汉室，而才兼于人」。诸葛亮死后，他屡次北伐。景元四年钟会、邓艾伐蜀，他退守剑阁，钟会打不下来。邓艾从阴平绕到成都，刘禅下诏叫他投降，将士们拔刀砍石头。｜他降了钟会，又撺掇钟会造反，想借机复国。事情败露，他死在乱兵里，魏兵剖开他的肚子，胆有斗那么大。
法正	扶风郿县人，建安初年闹饥荒，和同郡孟达一起入蜀投刘璋，过了很久才做了个新都令，州里人还议论他品行不好。｜他和张松暗中商量好，借出使的机会见了刘备，回去劝刘璋请刘备入蜀，又私下给刘备献取益州的策。刘备定蜀后，他当了蜀郡太守，「一餐之德，睚眦之怨，无不报复」，擅杀了好几个人。有人去找诸葛亮，诸葛亮没管。｜汉中那一仗是他谋划的。有一回战况不利，刘备不肯退，箭下如雨，他挡到刘备身前，刘备只好道：「孝直避箭。」法正于建安二十五年去世。夷陵大败后，诸葛亮叹：「法孝直若在，则能制主上，令不东行。」
曹操	沛国谯人，小名阿瞒。父亲曹嵩是宦官曹腾的养子。年轻时好飞鹰走狗，许劭评他「治世之能臣，乱世之奸雄」，他大笑而去。｜后来他把汉献帝迎到许县，挟天子以令诸侯。官渡烧了袁绍在乌巢的粮草，河北就归了他。赤壁一场大火，他从华容道退回了北边。演义里他错杀吕伯奢一家，留下一句：「宁教我负天下人，休教天下人负我。」｜建安二十五年曹操病逝于洛阳。此前他写了遗令，叫姬妾们学着编鞋卖钱，入殓穿平常的衣服，墓里不要放金玉珍宝。
张辽	雁门马邑人，本姓聂。先后跟过丁原、何进、董卓、吕布，下邳城破后归了曹操。｜建安二十年，孙权带十万人围合肥，城里只有七千多人。曹操早留下一封信，封皮上写着「贼至乃发」。张辽拆开，信上叫他和李典出城迎战。他连夜挑了八百个敢跟他去的兵，杀牛犒劳，天亮披甲持戟冲在最前面，杀了几十人，斩了两员将，一路喊着自己的名字冲到孙权的旗下。孙权跑上一座土丘，拿长戟护着自己。｜后来江东的小孩夜里哭，大人吓唬一句「辽来」，孩子就不哭了。合肥之战使张辽威震江东；后来他继续为魏领兵，病逝于江都。
典韦	陈留己吾人，形貌魁梧，膂力过人。替襄邑刘氏报仇，杀了李永，提着刀戟慢慢走出市集，几百人跟着，没人敢近。｜后来跟了曹操。濮阳打吕布，敌兵四面放箭，他叫身边人：「虏来十步，乃白之。」「十步矣。」「五步乃白。」「虏至矣！」他手握十几支戟，大呼而起，冲到跟前的都应手倒下。军中有句话：「帐下壮士有典君，提一双戟八十斤。」｜建安二年，张绣在宛城反了，典韦守在营门，身上几十处伤，最后两手各挟一个敌兵撞死，瞪着眼大骂，倒了下去。
许褚	谯国谯人，身长八尺多，腰大十围。汉末他聚了几千户乡人筑壁自守，粮尽了拿牛跟贼换粮，牛却跑了回来。他出到阵前，一手倒拽牛尾走了一百多步，贼人吓得不敢要牛，跑了。｜后来他在曹操身边宿卫。潼关北渡渭水，马超的骑兵追到河边，箭像下雨，他左手举马鞍替曹操挡箭，右手撑船。曹操和马超单马会语，马超问：「公有虎侯者安在？」曹操回头指了指他，他瞪着眼看马超。演义里他脱了衣甲和马超斗到两百多回合，胳膊上还中了两箭。｜曹操死了，他哭到呕血。此后仍在魏国任职，其子许仪后来承袭爵位。
夏侯惇	沛国谯人，十四岁跟老师读书，有人侮辱他的老师，他把那人杀了。｜他是最早跟着曹操起兵的，常和曹操同坐一辆车，能进出曹操的卧室。打吕布时中了流矢，瞎了左眼，军中叫他盲夏侯，他很厌恶，每次照镜子都发怒，把镜子摔在地上。演义里射他的是曹性，他拔出箭来，连眼珠子一起吞了下去：「父精母血，不可弃也！」｜他官至大将军，不置产业，多出来的钱都分给了别人。曹操死后几个月，他也跟着去了。
郭嘉	颍川阳翟人，年轻时先去投袁绍，待了些日子，跟袁绍的谋臣辛评、郭图讲袁绍「多端寡要，好谋无决」，走了。｜荀彧把他荐给曹操，两个人谈完，曹操道：「使孤成大业者，必此人也。」郭嘉出来也高兴：「真吾主也。」孙策要偷袭许都，众人都慌，他料孙策轻而无备，「必死于匹夫之手」。没多久孙策就死在刺客手里。｜建安十二年，他跟着曹操征乌桓回来，病死了，年三十八。赤壁败后，曹操叹：「郭奉孝在，不使孤至此。」
荀彧	颍川颍阴人，年轻时何颙见了他，讲他是「王佐才也」。他先投袁绍，看袁绍成不了事，又去了曹操那里。曹操大喜：「吾之子房也。」｜曹操在外打仗，许都的事都交给他。官渡相持，曹操粮快尽了，想退兵，写信问他。他回信劝曹操守住，这是用奇的时候，不能放手。｜建安十七年，董昭等人要给曹操进爵国公、加九锡，他不赞成。曹操南征孙权，把他留在寿春，他在那里忧病而卒，年五十。裴注引的《魏氏春秋》里另有一种写法：曹操送给他一个食盒，他打开，里面是空的，他就服了毒。
司马懿	河内温县人。曹操征召他，他推托得了风痹，起不了身。曹操派人夜里去探，他躺着一动不动。｜诸葛亮屡次北伐，他坚守不出。诸葛亮派人给他送来女人的巾帼衣服，他照样不出战。｜正始年间曹爽专权，他称病不上朝。李胜来辞行，他叫两个婢女扶着，手里的衣服拿不住掉在地上，喝粥流了满胸口，问话也答得颠三倒四。嘉平元年正月，曹爽陪着小皇帝出城谒高平陵，他关了洛阳城门，领兵屯在洛水浮桥，随后曹爽兄弟和党羽被诛，魏国权力转入司马氏之手。司马懿晚年病逝，未曾亲自称帝。
贾诩	武威姑臧人。年轻时辞官回乡，路上遇到氐人叛乱，同行几十人全让氐人抓了。他骗他们：「我段公外孙也，汝别埋我，我家必厚赎之。」段颎当时威震西土，氐人不敢害他，放了，其余的人都活埋了。｜董卓死后，李傕、郭汜想散了兵各自逃回凉州，他劝他们收拢兵马去打长安。后来他在张绣那里，曹操退兵，张绣要追，他拦着，张绣不听，败了回来；他又叫张绣马上再追，这回大胜。｜曹操拿不定立谁为嗣，问他，他不答。曹操问他在想什么，他答：「思袁本初、刘景升父子也。」曹操大笑。曹丕即位后，贾诩官至太尉，晚年去世。
邓艾	义阳棘阳人，小时候放过牛，有口吃，一开口就是「艾艾」。司马昭拿他开玩笑：「卿云艾艾，定是几艾？」他答：「凤兮凤兮，故是一凤。」他每见高山大泽，就比划哪里可以扎营，旁人都笑话他。｜景元四年伐蜀，他从阴平走七百多里没有人烟的山路，凿山开道，遇到险处，他自己裹着毡子滚下山去。到了江油，守将开城投降，他在绵竹斩了诸葛瞻，刘禅出城投降。｜钟会诬告他谋反，卫瓘派兵追到绵竹西边，杀了他和儿子邓忠。
孙坚	吴郡富春人。十七岁跟父亲坐船到钱塘，正碰上海盗在岸上分赃，他提刀上岸，拿手东指西挥，像在调兵，海盗以为官军到了，丢下财物就跑，他追上去斩了一颗首级。｜讨董时他是前锋。演义里他在汜水关前输给华雄，部将祖茂戴上他的赤帻，引开了追兵。后来他进了洛阳，扫除汉家宗庙，在城南一口井里捞出传国玉玺。｜那一年他攻刘表，追黄祖追到襄阳，一个人骑马过岘山，黄祖的兵藏在山上的竹林里放箭，射死了他，年三十七。
孙策	孙坚的长子，孙坚死时他十七岁。他去袁术那里要回父亲的旧部，只要回来一千多人，就渡江去打江东。｜江东百姓听到孙郎来了，吓得逃进山里，等他到了，军令严整，鸡犬菜蔬一样不动，百姓又都牵着牛带着酒来劳军。神亭岭他和太史慈撞上，两个人马上扭打，他夺了太史慈背后的手戟，太史慈抢走了他的头盔。｜建安五年他出猎，一个人跑在前面，许贡的门客从草丛里射中了他的脸。临终他把孙权叫来，把印绶交给他：「举贤任能，各尽其心以保江东，我不如卿。」孙策随后伤重去世，江东由孙权接掌。
孙权	孙坚的次子。孙策死的时候，他哭个不停，张昭让他换了衣服，扶他上马，出去巡视各营。｜赤壁之前，曹操来信，要「与将军会猎于吴」。帐下许多人劝他迎曹，他拔刀砍下奏案的一角：「诸将吏敢复有言当迎曹者，与此案同！」随后派周瑜、程普领兵西上。｜建安十八年，曹操攻濡须口，孙权乘一条大船来看曹营，曹兵放箭，船的一边插满了箭，快要翻了，他叫人掉转船头，让另一边也受箭，船平了才回去。曹操望着他的舟船军伍，叹了一句：「生子当如孙仲谋。」后来孙权称帝，建立吴国；晚年继承问题引发朝争，去世后由孙亮继位。
周瑜	庐江舒人，和孙策同年，两家交好。他把道南的大宅让给孙家住，登堂拜见孙策的母亲。｜他精通音乐，喝过三杯酒后，曲子有一点弹错，他一定回头看一眼，当时有句话：「曲有误，周郎顾。」曹操南下，众人主张迎降，他给孙权算账：北军不习水战，马没有草料，中原人远来江湖，一定生病。黄盖献了火攻的计，几十艘船装满柴草，浇上油，插着旗号往北岸去，喊着投降。离曹营二里，一齐点火，那天风大，北船烧了个干净。｜后来他要去取益州，回江陵整装，行至巴丘病逝，年三十六。演义里他临终喊了一声：「既生瑜，何生亮！」
陆逊	吴郡吴县人，陆家是江东大族。二十一岁进了孙权的幕府，孙权把孙策的女儿嫁给了他。｜吕蒙装病回建业，荐他接守陆口。他给关羽写信，满纸恭维，关羽放下心来，把兵往北调。｜刘备东征，他守着不出战，诸将以为他怕事，各怀怨气。相持到第二年六月，他下令每人拿一把茅草，火攻连营，一下破了四十多座营寨，刘备连夜逃回白帝城。后来他做到丞相，太子之争中上书，孙权几次派宫里的人去责问他。陆逊最终忧愤而卒，终年六十三岁。
太史慈	东莱黄县人，长七尺七寸，美须髯，猿臂善射。年轻时替郡里去洛阳送奏章，州里的章也在路上，他把州吏的奏章要过来，当场毁了。｜孔融在北海让黄巾围住，他带两个骑兵出城，每人拿一个箭靶，在城下射靶，射完回城。一连几天，围兵起先还起身戒备，后来都躺着不理。他忽然策马冲出去，跑到平原请来了刘备的兵。神亭他和孙策交过手，后来归了孙策。｜他临终叹道：「丈夫生世，当带七尺之剑，以升天子之阶。今所志未从，奈何而死乎！」
甘宁	巴郡临江人，年轻时是游侠，聚了一伙人，带着弓弩，身上挂着铃铛，百姓听见铃声就知道他来了。他的船拿锦缎系缆，走时割断就扔下。｜后来他读了些诸子，先投刘表，又在黄祖那里待了三年，都不受重用，最后投了孙权。濡须对峙，孙权给他一百多人去夜袭曹营。出发前他拿银碗盛酒，自己先喝两碗，再倒一碗给都督，都督伏在地上不肯接，他拔刀放在膝上呵斥，都督才接了过去。二更时分他们冲进曹营，砍了几十个首级，曹营举火如星，他们已经回来了。｜孙权道：「孟德有张辽，孤有兴霸，足相敌也。」夜袭曹营是甘宁最著名的战功之一，表现了他善用精锐突袭的特点。
吕蒙	汝南富陂人，十五六岁偷偷跟着姐夫邓当去打仗，邓当赶都赶不回去。｜孙权劝他读书，他推托军中事多，孙权道：「孤岂欲卿治经为博士邪？」他这才读起书来。后来鲁肃路过，和他谈论，大吃一惊，拍着他的背：「非复吴下阿蒙！」他答：「士别三日，即更刮目相待。」｜他装病回建业，让陆逊代守陆口，随后把兵藏在船里，叫人穿上白衣摇橹，扮成商人过江，把关羽沿江的哨所一个个拿下。进了江陵，他的一个同乡兵拿了百姓一顶斗笠盖官铠，他流着泪把这人斩了。没多久他病重，孙权在墙上凿了个洞看他，见他能吃下东西就高兴。但吕蒙最终仍因病去世。
吕布	五原九原人，弓马娴熟，膂力过人。他先杀了丁原投董卓，董卓认他作义子。有一回董卓发火，抓起手戟掷他，他躲开了，事后向董卓赔罪，心里却记着。王允找上他，他在长安北掖门亲手刺死了董卓。｜刘备在小沛让袁术大将纪灵围住，吕布在营门竖起一支戟：「诸君观布射戟小支，一发中者诸君当解去。」一箭正中小支，纪灵退了兵。｜下邳城破，他让人绑到曹操跟前，嫌绳子太紧，求曹操松一松，又回头指着刘备：「是儿最叵信者。」曹操叫人把他勒死在白门楼。
董卓	陇西临洮人，年轻时在羌中游历，和羌人豪帅结交。后来有豪帅来看他，他把家里的耕牛宰了请客。｜何进召他进京，他到时，少帝正让宦官挟持着逃到北邙，他领兵迎了回来，接着废了少帝，立陈留王。他在郿县筑坞，存的粮够吃三十年，放出话来：「事成，雄据天下；不成，守此足以毕老。」｜初平三年四月，他入朝，车到北掖门，李肃一戟刺去，他喊：「吕布何在？」吕布应声：「有诏讨贼臣。」尸体扔在街市上，守尸的吏在他肚脐里点上火，一直烧到天亮，一连烧了好几天。
貂蝉	演义里她是司徒王允府上的歌伎。一天夜里，她在后园焚香长叹，王允听见了，把她请进画阁，跪下拜她。｜王允先把她许给吕布，又把她献给董卓。她在董卓身边，见了吕布就皱眉拭泪。凤仪亭里，她当着吕布要投荷花池，吕布抱住她，董卓撞见了，抓起画戟就朝吕布掷去。王允再去劝了吕布一番，没过多久，董卓死在北掖门。后来在下邳，她和严氏哭着劝吕布别出城。｜正史里没有她的名字，只有一句：董卓的侍婢和吕布私通。白门楼之后，演义也没交代她去了哪里。
华佗	沛国谯人，又名旉。治病开药不过几味，扎针不过一两处。病在里面针药够不着的，就叫病人拿酒服下麻沸散，醉得没了知觉，剖开肚子，把病割掉，缝好，敷上膏药，四五天伤口就好，一个月平复。｜他编了五禽戏，教给弟子吴普，吴普九十多岁还耳聪目明，牙齿完好。｜曹操犯头风，把他留在身边。他借口妻子病了请假回家，一去不回。曹操派人查出是假的，把他下狱拷问。临死他拿出一卷书给狱吏：「此可以活人。」狱吏怕犯法，不敢收，他也不强求，要了火，把书烧了。
王允	太原祁县人，十九岁当郡吏，小黄门赵津在县里横行，他把赵津捕来杀了。｜董卓当权，他在朝里曲意逢迎，暗地里和士孙瑞、吕布商量除掉董卓。演义里他用了连环计，先把貂蝉许给吕布，又献给董卓。董卓死后，蔡邕在他座上叹了口气，他把蔡邕下了狱，蔡邕死在狱中。凉州兵求赦，他不许，李傕、郭汜就打进了长安。｜吕布在青琐门外招他一起走，他不走：「若蒙社稷之灵，上安国家，吾之愿也。如其不获，则奉身以死之。」李傕把他和妻子儿女都杀了，那年他五十六。
陈宫	东郡人，性子刚直。演义里他是中牟县令，捉住了逃亡的曹操，又弃官跟他走，吕伯奢一家死后，他趁夜离开了曹操。正史上他早年跟过曹操，后来趁曹操东征徐州，把吕布迎进了兖州。｜吕布不大听他的计。下邳城破，他和吕布一起押到曹操面前。曹操问：「卿如老母何？」他答：「宫闻将以孝治天下者不害人之亲，老母之存否，在明公也。」曹操又问他的妻儿，他答的还是这个意思。他请求就刑，起身往外走，拦也拦不住，曹操流着泪送他。｜后来曹操把他的母亲养到终老，女儿也替他嫁了人。
袁绍	汝南汝阳人，袁家四世出了五位三公。董卓要废立，他横刀长揖，出了洛阳，奔去冀州。｜后来他从韩馥手里要来了冀州，又灭了公孙瓒，占了河北四州。官渡之前，田丰劝他别急着出兵，他把田丰关进了狱里。许攸献计他不用，许攸投了曹操，乌巢的粮草一把火烧了，大军溃散，他带着八百骑逃回河北。有人向田丰道贺，田丰摇头：「若军有利，吾必全，今军败，吾其死矣。」袁绍回来，先杀了田丰。｜两年后他发病吐血，死在邺城，身后三个儿子为了冀州打了起来。
左慈	演义中，左慈是庐江人，年轻时就有神通。曹操请客，他也在座。曹操环顾众宾：今天珍馐都备下了，只缺吴松江的鲈鱼。他要来一只铜盘，盛上水，拿竹竿挂饵在盘里钓，没一会儿就钓上一条鲈鱼，接着又钓上几条。曹操又嫌没有蜀中的生姜，他应下来，没多久姜就取回来了。｜后来曹操要杀他，他走进墙壁里不见了。有人在街上撞见他，官兵去追，他混进一群羊里，追兵分不出哪只是他。｜演义里他在席上拔下玉簪，往酒杯中间一划，杯里的酒分成了两半。他自己喝了一半，把另一半递给曹操。曹操不肯接，他把杯子往空中一抛，杯子化成一只白鸠，绕着殿飞。
华雄	演义里他是董卓的都督，身长九尺，虎体狼腰。｜汜水关前，他先斩了鲍忠，又追杀了替孙坚戴赤帻的祖茂，接着斩了俞涉、潘凤。关羽请战，曹操斟一杯热酒给他，他摆手：「酒且斟下，某去便来。」出帐提刀上马。帐外鼓声大作，没一会儿关羽提着华雄的头回来，那杯酒还是温的。｜正史里他死在孙坚手上，只一句：阳人一战，枭其都督华雄。
颜良	袁绍帐下大将，和文丑齐名。袁绍派他围白马，沮授劝过：「良性促狭，虽骁勇不可独任。」袁绍没听。｜演义里他在白马连斩宋宪、魏续，又斗败了徐晃，曹营诸将都不敢出。关羽骑赤兔马直冲过来，他以为来人是来投诚的，还没开口，刀已经到了。｜正史上，关羽远远望见他的麾盖，策马闯入万众之中，刺了他，割下首级回去，袁军诸将没人挡得住。
文丑	袁绍帐下，和颜良齐名。｜白马之后，袁绍渡河追曹操，派文丑和刘备带五六千骑兵到延津南边。曹操在南阪下扎营，叫骑兵解鞍放马，辎重丢满了路。文丑的骑兵到了，争着抢辎重，队伍散了。曹操这时才下令上马，骑兵不满六百，冲上去大破袁军，斩了文丑。｜演义里他先射中张辽的马，又赶退了徐晃，后来撞上关羽，战不到三合就拨马绕河跑，关羽追上去，从脑后一刀。
高顺	吕布的部将，为人清白，有威严，不喝酒，不收馈赠。｜他带着七百多人，号称千人，铠甲兵器都齐整，每战必破，叫作陷阵营。他常劝吕布：「凡破家亡国，非无忠臣明智者也，但患不见用耳。」吕布知道他忠，还是把他的兵拨给了魏续，打仗时才交还给他。｜下邳城破，他押到曹操面前，曹操问他有什么话，他一句也不答。曹操叫人推出去斩了。
张绣	武威祖厉人，骠骑将军张济的侄子。张济死后他接管了部众，屯在宛城。｜建安二年他降了曹操。曹操纳了张济的遗孀，他恨在心里；曹操又拿金子结交他的亲信胡车儿，他害怕了，领兵突袭曹营，曹昂、曹安民和典韦都死在那一夜。｜官渡之前他听了贾诩的话，又降了曹操。曹操拉着他的手设宴，让儿子曹均娶了他的女儿。后来他随曹操北征乌桓，在途中去世，未能到达柳城。
公孙瓒	辽西令支人，有姿仪，嗓门大。当辽东属国长史时，带几十骑出塞巡逻，撞上几百鲜卑骑兵，他退进一座空亭，冲出去拿两头带刃的矛左右刺，杀伤了几十人。｜他常和乌桓打仗，挑了几千匹白马，号白马义从。乌桓人互相传话，躲着白马长史走。｜界桥输给袁绍后，他在易京挖了十道壕沟，城楼高五六丈，存粮三百万斛。袁绍的兵挖地道挖到楼下，他先勒死姐妹妻子，再放火烧了自己。
马腾	扶风茂陵人，马援的后人。家里穷，年轻时上山砍柴，挑到城里去卖。身长八尺多，面鼻雄异，性子宽厚。｜凉州乱，他应募从军，后来和韩遂结为异姓兄弟，又翻了脸，韩遂杀了他的妻儿。｜演义里他在衣带诏上签过名，后来进许都想除掉曹操，事情泄露，在城外中了埋伏。正史上他早已入朝做了卫尉，住在邺城，马超起兵以后，曹操把他和全族都杀了。
张任	蜀郡人，家世寒门，年少有胆勇，在州里当从事。｜刘备反攻刘璋，他随刘璋的儿子刘循守雒城，领兵出城在雁桥迎战，打败了，让人捉住。刘备听闻他忠勇，叫军中人劝他投降，他厉声：「老臣终不复事二主矣。」刘备杀了他，叹惜了很久。｜演义里落凤坡的伏兵就是他布下的。
皇甫嵩	安定朝那人，皇甫规的侄子，好读诗书，也习弓马。｜中平元年黄巾起事，他和朱儁打颍川，让波才围在长社。黄巾依着草地扎营，那夜起了大风，他叫兵士扎火把登城，派精兵出城放火大呼，城上举火应和，黄巾大乱。后来在广宗破了张梁，又剖开张角的棺材，把首级送往京师。｜董卓当权，召他进京要杀他。他儿子皇甫坚寿和董卓有交情，从长安赶到洛阳，趁董卓摆酒，上前叩头流泪，董卓这才放了他。
田丰	田丰字元皓，袁绍帐下的谋士，以刚直敢谏著称。曹操东征刘备，田丰劝袁绍趁虚袭许都。袁绍推托小儿子正病着，不肯动兵。田丰拿手杖敲着地：「夫遭难遇之机，而以婴儿之病失其会，惜哉！」｜后来袁绍要南下打官渡，他又拦，袁绍给他上了枷锁，关进牢里。｜官渡大败的消息传回来，有人向他道喜，以为这回主公要重用他了。田丰摇头：「若军有利，吾必全；今军败，吾其死矣。」袁绍回来，派人把剑送进了牢里。
沮授	沮授是袁绍的重要谋士，参与河北军政与官渡部署。袁绍大军要渡黄河，沮授站在岸边叹了一句：「上盈其志，下务其功，悠悠黄河，吾其济乎！」随后推病辞了兵权。袁绍记恨，把他的兵拨给了郭图。｜官渡兵败，袁绍带八百骑逃过河去，沮授没跟上，落到曹军手里。见了曹操，他喊：「授不降也，为军所执耳！」曹操跟他是旧识，待他很厚。｜没过多久，他偷了马要回河北，曹操这才杀了他。
李儒	演义中的李儒是董卓的谋臣。董卓废了少帝，改封弘农王，关在永安宫的楼上。李儒端着鸩酒进去，少帝不肯喝。李儒双手揪住何太后扔下楼去，又叫武士绞死唐妃，把酒灌进少帝嘴里。｜凤仪亭的事闹出来，他劝董卓把貂蝉送给吕布，讲了楚庄王绝缨的故事。董卓回去跟貂蝉一商量，改了主意。李儒出门仰天长叹：「吾等皆死于妇人之手矣！」｜董卓死后，他家的奴仆把他绑了，献给王允。
于吉	琅邪来的道士，在吴郡、会稽一带往来，烧香读道书，拿符水给人治病。｜一天孙策在郡城门楼上宴客，于吉穿戴整齐从楼下走过，席上三分之二的将领宾客起身下楼，迎着他拜。孙策当即下令拿人。吴夫人和诸将替他求情，孙策不听，把他斩了，首级挂在街市上。｜演义又写，此后孙策总看见他，灯下有，镜子里也有。孙策拍着镜子大叫一声，箭疮迸裂开来。
夏侯渊	曹操早年在谯县惹了官司，夏侯渊替他顶了重罪，后来曹操才设法把他救出。兖州、豫州闹饥荒那年，他丢下自己的小儿子，把亡弟的孤女养活了。｜他行军快，军中编了句话：「三日五百，六日一千。」曹操提醒他：「为将当有怯弱时，不可但恃勇也。」｜建安二十四年正月，定军山下南围的鹿角半夜起了火，他带四百人去补。黄忠从高处率军突击，夏侯渊在战斗中被斩杀。
张郃	河间鄚县人，本是袁绍的将。曹操去烧乌巢，他劝袁绍赶紧去救，郭图偏要攻曹营。曹营没打下来，郭图反倒在袁绍面前说他坏话。张郃烧了攻城器械，投了曹操。｜街亭一仗，马谡舍了水源上山扎营，张郃截断汲水的路，一战打散了他。｜太和五年诸葛亮退兵，司马懿要他追。追到木门道，两边山上弩箭齐发，一箭射中他的右膝，张郃因此战死。
徐晃	河东杨县人，做过郡吏，后来跟着杨奉护送献帝东归。他劝杨奉投曹操，杨奉起初答应，又反悔了。曹操讨杨奉，徐晃归了曹营。｜樊城告急，他领兵去解，阵前遇上关羽。两人本是旧识，隔着马聊了些家常。话没说完，徐晃下马，朝全军喊：「得关云长头，赏金千斤！」关羽一惊，他回道：「此国家之事耳。」｜关羽退走。曹操在摩陂迎出七里摆酒，各营兵马都离了阵来看，只有徐晃营里的人站着不动。
于禁	于禁字文则，曹操麾下名将，以治军严整著称。宛城兵败，各军散乱逃回，青州兵一路抢掠。于禁领本部去讨，回来不急着见曹操，先扎营垒。有人劝他快去辩白，他答：「今贼在后，追至无时，不先为备，何以待敌？」｜建安二十四年秋汉水暴涨，他督的七军全泡在水里，他向关羽投降。曹操听到消息：「吾知禁三十年，何意临危处难，反不如庞德邪！」｜后来孙权送他回魏。曹丕派他去邺城拜曹操的陵，陵屋墙上画着他降服的样子。于禁羞愤成病，不久去世。
乐进	阳平卫国人，个子矮小，在曹操帐下当吏。曹操派他回本郡募兵，他带回来一千多人。｜从濮阳到雍丘，几回攻城，他都抢在头一个爬上城墙。官渡时他跟曹操去袭乌巢，斩了淳于琼。｜后来他和张辽、李典屯合肥。曹操出征前留下一封教令，封着口，上面写：「贼至乃发。」孙权大军一到，三人拆开，里头写着张、李两位将军出战，乐将军守城。乐进承担城防，与张辽、李典共同守住合肥，后来官至右将军。
庞德	本是马超手下的将，张鲁败后归了曹操。他的从兄庞柔在汉中做官，樊城的将领们因此信不过他。｜庞德当众撂话：「今年我不杀羽，羽当杀我。」出兵前他叫人抬着一口棺材。他常骑白马，隔阵一箭射中关羽额头，关羽军中都叫他白马将军。｜大水漫上堤，他射到箭尽，夺了小船想回曹仁营里，船翻了，抱着船底落到关羽手里。关羽劝降，他拒绝，随后被处死。他留下的话是：「我宁为国家鬼，不为贼将也。」
曹仁	曹操的堂弟，年轻时爱骑马射猎。｜周瑜围江陵，曹仁派部将牛金带三百人出城迎敌，转眼陷进几千吴兵里。城楼上的人脸都白了，曹仁要来铠甲上马，长史陈矫等人拦他，他不理。他冲进去把牛金接了出来，回头见还有人没出来，又杀了进去。陈矫叹：「将军真天人也！」｜樊城大水，城墙只剩几板露在外面，有人劝他乘船走。曹仁沉了一匹白马，跟将士们盟誓死守。守军坚持到援军抵达，樊城得以保全；曹仁后来官至大司马。
曹真	父亲曹邵替曹操募兵时遇害，曹操把他接进府里，跟曹丕一块儿长大。有一回出猎，一头虎追着他跑，他回身一箭，虎应声倒地。｜诸葛亮头一回北伐，他坐镇郿县，在箕谷挡住了赵云、邓芝。他出征时跟士卒一起吃苦，赏赐不够，就拿家里的财物来分。｜太和四年他从子午道伐蜀，一连下了三十多天大雨，栈道断了，朝廷下诏召回。他回洛阳就病倒了，魏明帝亲自到他府上探病。此后曹真病逝，伐蜀计划未能实现。
曹彰	曹彰字子文，是曹操的儿子，以勇力与骑射见长。胡子是黄的，力气大，能空手跟猛兽搏斗。曹操让他读《诗》《书》，他跟身边人讲：「丈夫一为卫、霍，将十万骑驰沙漠，驱戎狄，立功建号耳，何能作博士邪？」｜代郡乌桓反，他领兵北征，亲自下阵搏杀，铠甲上插了好几支箭。仗打完，他去长安见曹操，曹操一把揪住他的黄胡子：「黄须儿竟大奇也！」｜黄初四年，他进京朝见，在洛阳病逝，未能回到封地。
郭淮	郭淮是曹魏镇守西部的将领，长期参与汉中、陇右战事。夏侯渊死在定军山，汉中的魏军乱成一团。郭淮收拢残兵，推张郃做主将。第二天刘备要渡汉水，诸将想沿河列阵，郭淮主张离河远些扎营，引蜀军过河，渡到一半再打。刘备看了，没有渡。｜他妻子是王凌的妹妹。王凌谋反事败，朝廷派人来押她回京，五个儿子磕头磕出了血。郭淮派几千骑追了几天，把人夺回来，写信给司马懿：「若无其母，是无五子；无五子，亦无淮也。」司马懿赦了她。
荀攸	荀彧的侄子，年纪却比荀彧大六岁。董卓当政时，他和何颙等人谋划刺杀董卓，事情败露下了狱。何颙又怕又急，在狱里自尽了，荀攸吃饭说话跟平常一样。董卓一死，他就出来了。｜他给曹操出过十二条奇策，只有钟繇知道都是些什么。钟繇还没编完就死了，这些计策没传下来。｜荀攸后来随曹操南征时病逝。曹操评他：「公达外愚内智，外怯内勇。」
程昱	东阿人，身高八尺三寸，胡子很美。原名程立，年轻时梦见自己登上泰山，两手捧着太阳。荀彧把这梦告诉曹操，曹操给他名字上加了个日字，改叫程昱。｜官渡前夕他守鄄城，手下只有七百兵。曹操要给他添两千，他不要：「袁绍拥十万众，自以所向无前。今见昱兵少，必轻易不来攻。」袁绍果然没去鄄城。｜后来曹操跟贾诩感叹：「程昱之胆，过于贲、育。」程昱以胆略与谋断受重用，曹丕即位后官至卫尉，晚年去世。
钟会	太傅钟繇的小儿子。小时候跟哥哥钟毓去见魏文帝，钟毓紧张得满脸是汗，文帝问怎么回事，钟毓答：「战战惶惶，汗出如浆。」又问钟会怎么不出汗，钟会答：「战战栗栗，汗不敢出。」｜景元四年他领十几万人伐蜀，在剑阁让姜维挡住。邓艾从阴平绕到了成都，他上书告邓艾谋反，把邓艾装进了囚车。｜进了成都，他和姜维合计要反。正月十八那天，营中的兵乱了起来，冲进宫门，钟会与姜维一同被杀，谋反计划失败。
蔡文姬	蔡邕的女儿，名琰。天下大乱时她落到胡骑手里，在南匈奴左贤王帐中住了十二年，生了两个儿子。曹操派人拿金璧把她赎了回来，改嫁同郡的董祀。｜后来董祀犯了死罪。那天曹操正宴客，蔡琰披着头发光着脚进来，叩头请罪，满堂的人都变了脸色。曹操派快马追回了文书。｜曹操问起她家的藏书，她答：「亡父赐书四千许卷，今所诵忆，裁四百余篇耳。」她默写了出来，没有错漏。
戏志才	颍川人，荀彧把他荐给了曹操。曹操很看重他，可他没活几年。｜他死后，曹操写信给荀彧：「自志才亡后，莫可与计事者。汝、颍固多奇士，谁可以继之？」荀彧回信，举荐了郭嘉。｜现存记载较少，他的具体谋略与早年经历没有完整留下。
魏延	魏延字文长，义阳人，随刘备入蜀，后来镇守汉中。刘备取了汉中，众人都以为镇守汉中的会是张飞，刘备却提拔了魏延。刘备问他打算怎么守，他答：「若曹操举天下而来，请为大王拒之；偏将十万之众至，请为大王吞之。」｜诸葛亮北伐，他要五千精兵从子午谷奔袭长安，诸葛亮没答应。｜诸葛亮死在五丈原，他跟杨仪争着领兵，两边在南郑城下对阵。演义将这段冲突写成：魏延勒马连喊三声：「谁敢杀我？」背后有人应声：「吾敢杀汝！」马岱一刀把他砍下马去。
关平	演义中，关平是河北关定的次子。关羽千里寻兄，在关家庄借宿，关定把两个儿子领出来拜见，刘备做主，让关羽收关平做了义子。｜此后关平一直跟在关羽身边，守荆州，攻樊城。庞德抬着棺材出阵那天，关平先迎上去，两人斗了三十合不分胜负。｜麦城突围那夜，关羽中了绊马索，关平赶去救，也让潘璋的兵围住了。父子二人被擒后遇害，关平的故事也在荆州之败中结束。
关兴	关羽的次子。演义里，刘备起兵伐吴，他和张苞争先锋，当着刘备的面比射箭，关兴一箭射下了天上的大雁。｜夷陵一仗，他追潘璋追到天黑，迷路进了山里一户人家。堂上挂着关羽的画像，他跪在像前哭。半夜潘璋也来投宿，一进门看见关兴，转身要跑。关兴一剑把他砍倒，剖心沥血，在画像前祭了父亲，拿回了青龙偃月刀。｜诸葛亮很器重他，他二十岁做了侍中，没过几年就死了。
张苞	演义中，张苞是张飞的长子，使一杆丈八点钢矛。张飞在阆中遇害后，他跟着刘备东征，在军中跟关兴争先锋。刘备让两人结拜，关兴大一岁，做了哥哥。｜诸葛亮北伐，他追郭淮、孙礼，马失前蹄跌进山涧，摔破了头，送回成都养伤。｜没多久消息传到祁山，诸葛亮放声大哭，口中吐血，昏倒在地。
王平	巴西宕渠人，从小养在外祖父何家，后来才复了王姓。他认得的字不到十个，要写文书就口述，让人代笔。｜他随马谡守街亭，屡次劝马谡别上山，马谡不听。魏军一到，蜀兵四散，只有王平手下一千人擂着鼓不动。张郃疑心有伏兵，没敢逼近。王平慢慢收拢各营散兵，退了回来。｜后来他镇守汉中。曹爽带十几万人来攻，他据住兴势山，魏军进不来，只好退兵。
马岱	马超临死前上了一道疏：「臣门宗二百余口，为孟德所诛略尽，惟有从弟岱，当为微宗血食之继。」马岱就是这个从弟。｜演义里，诸葛亮临终留了一只锦囊给杨仪，嘱咐等魏延反时再拆。魏延在城下喊「谁敢杀我」，没等喊到第三声，背后一刀落下。那一刀是马岱的。｜后来他官至平北将军，封陈仓侯。
严颜	刘璋手下的巴郡太守。张飞攻破江州，把他活捉了来，喝问：「大军至，何以不降而敢拒战？」严颜答：「卿等无状，侵夺我州，我州但有断头将军，无有降将军也。」｜张飞大怒，叫人拖出去砍了。严颜脸色不变：「斫头便斫头，何为怒邪！」张飞亲自给他松绑，请他坐上座。｜演义里，后来在汉中，他跟黄忠两个老将一路打过去，夺了天荡山的粮草，斩了夏侯德。
夏侯霸	父亲夏侯渊死在定军山，他提起蜀人就咬牙。｜嘉平元年，司马懿杀了曹爽，夏侯霸在陇西坐不住了，投奔蜀汉。进山迷了路，干粮吃完，杀马充饥，一路走得脚底开裂，躺在岩石下面等人来接。｜到了成都，刘禅见他，先提起他父亲：「卿父自遇害于行间耳，非我先人之手刃也。」又指着自己的儿子：「此夏侯氏之甥也。」他在蜀汉受到礼遇，此后参与姜维北伐。
孙尚香	孙权的妹妹，性子刚猛，有几个哥哥的样子。房里一百多个侍婢，个个佩刀站在两旁。刘备每回进她屋子，心里都发紧。｜演义里，她跟刘备从京口逃往荆州，徐盛、丁奉带兵追到江边拦住去路。她卷起车帘，指着二人骂：「你二人只怕周瑜，独不怕我？」两人只好让开道。｜后来孙权派船来接她回吴，她抱着阿斗上了船，赵云和张飞追上江来，把阿斗夺了回去。
徐庶	颍川人，本名徐福，年轻时好击剑，替人报仇杀了人，拿白土涂了脸披着头发逃走，还是让官吏拿住了。同伙把他劫了出来，从此他扔了刀剑，去读书。｜在新野，他向刘备推荐了诸葛亮：「此人可就见，不可屈致也。」｜曹军南下，他母亲落到曹操手里。他指着自己的心口向刘备辞行：「本欲与将军共图王霸之业者，以此方寸之地也。今已失老母，方寸乱矣。」徐庶随后北上，后来在魏国任职；他的经历留下了荐贤与母子离散两条主线。
马良	襄阳宜城人，兄弟五个都有才名，字里都带个常字。马良眉毛里夹着几根白毛，乡里人编了句话：「马氏五常，白眉最良。」｜他给诸葛亮写信称「尊兄」，裴松之猜两人结拜过，或者沾点亲。｜刘备东征，派他去武陵招抚五溪蛮夷，蛮夷首领都接了刘备的印号。夷陵兵败，他死在那边，时年三十五。
黄月英	沔南名士黄承彦的女儿。黄承彦听说诸葛亮在找媳妇，上门直言：「闻君择妇，身有丑女，黄头黑色，而才堪相配。」诸葛亮应了，黄承彦当即用车把女儿送了过去。｜乡里人拿这事取笑，编了句顺口溜：「莫作孔明择妇，正得阿承丑女。」｜她的名字史书上没留下，月英是后人叫的。民间传她手巧，会做木头人舂米，诸葛亮造木牛流马，是照她的图样。
蒋琬	蒋琬字公琰，零陵湘乡人，是蜀汉重臣。刘备入蜀，派他做广都县长。一天刘备出游路过广都，见县里什么事都没理，蒋琬还喝得烂醉。刘备大怒，要治他的罪。诸葛亮求情：「蒋琬，社稷之器，非百里之才也。」刘备只免了他的官。｜诸葛亮死后，国事交到他手里。当时人心惶惶，他脸上不见悲伤，也不见喜色，举止跟平时一样。｜督农杨敏背地里骂他「作事愦愦，诚非及前人」，有人要治杨敏的罪，蒋琬不许：「吾实不如前人，无可推也。」
陈到	汝南人，字叔至。刘备还在豫州的时候，他就跟着了，此后跟到徐州、荆州、益州，名位总比赵云低一点。｜陈寿没给他立传，他的名字夹在杨戏写的一篇赞里，就一句：忠勇和赵云齐名。｜后来他守永安，领的是先主留下的白毦兵，官做到征西将军。
黄盖	黄盖字公覆，先后追随孙坚、孙策、孙权，是江东宿将。赤壁之战前，黄盖给周瑜出主意：曹军船舰首尾相连，可以烧。演义里的苦肉计写道：诈降书送出去以前，周瑜在帐中当众打了他五十脊杖。｜他带着十艘蒙冲斗舰，装满浸了油的柴草，插着旗，趁东南风驶向北岸。离曹营二里，各船一齐点火。｜那天他中了流箭，掉进江里。吴兵把他捞上来，不认得是谁，随手放在厕所边的床上。黄盖撑着喊了一声韩当，韩当听出声音，流着泪过来了。
程普	右北平人，从孙坚起兵打黄巾、讨董卓。军中数他年纪最大，人都叫他程公。｜孙策攻祖郎，陷进重围，程普带着一名骑兵护在孙策身边，纵马大喊，拿矛往外冲，贼兵退开，孙策才脱了身。｜赤壁时他跟周瑜分任左右督。他仗着资历，几次折辱周瑜，周瑜都让着他。后来程普服了，逢人便讲：「与周公瑾交，若饮醇醪，不觉自醉。」
韩当	辽西令支人，擅长骑射，力气大，跟着孙坚打仗，孙策、孙权手下都做过事。｜赤壁那天，黄盖中箭落水，吴兵把他扔在厕所边的床上，只有韩当听出了他的声音。｜夷陵之战，他跟陆逊在涿乡大破刘备。他死后，儿子韩综怕犯下的事败露，带着家眷部曲几千人投了魏，走的时候把韩当的灵柩也载上了。
周泰	周泰字幼平，九江下蔡人，先随孙策，后在孙权身边领兵。孙策出兵，孙权留守宣城，手下不到一千人。几千山贼突然杀到，孙权刚上马，刀已经砍到马鞍上。周泰扑上去挡在他身前，身上受了十二处伤，过了很久才醒过来。｜后来他督濡须，朱然、徐盛这些人不服他。孙权到营里摆酒，叫周泰脱了上衣，指着一道道伤疤问是怎么来的，周泰一处一处回答。｜酒席散了，孙权赐他青色的伞盖，让他带着兵马，吹吹打打出了营。这些伤痕来自多年护主征战，孙权借此让诸将认可了他的统兵资格。
凌统	父亲凌操在夏口攻黄祖时中箭身亡，射箭的人是甘宁。那年凌统十五岁，接管了父亲的兵。｜甘宁后来投了孙权，凌统恨他。一次在吕蒙家里喝酒，凌统拔刀起舞，甘宁也站起来：「宁能双戟舞。」吕蒙提着刀盾挡在两人中间。｜逍遥津那一战，他带三百亲兵护孙权突围，孙权上了船，他又回去死战，亲兵全死光了，他带着伤游水回来。孙权拿衣袖给他擦眼泪。凌统后来因病去世，孙权收养并照顾他的两个儿子。
丁奉	年轻时就以骁勇当小将，跟着甘宁、陆逊、潘璋这些人打仗，直到孙亮、孙休时才做到大将。｜建兴元年冬天，魏军来攻东兴，天下着大雪，魏将们正围着喝酒。丁奉带三千人乘船赶到，叫兵士都脱了铠甲，只戴头盔，握着短兵。魏兵远远望见，大笑，没当回事。丁奉擂鼓冲上岸，砍破了魏军前营。｜孙綝专权，孙休跟丁奉合计。腊日百官朝会，丁奉在座上叫武士把孙綝绑了。
徐盛	徐盛字文向，琅邪莒县人，是孙权麾下将领。魏使邢贞来封孙权做吴王，进宫门时连车都不下。徐盛站在群臣里，眼泪横流：「盛等不能奋身出命，为国家并许洛，吞巴蜀，而令吾君与贞盟，不亦辱乎！」邢贞回头跟同行的人叹气：江东将相如此，这地方不会久居人下。｜后来曹丕亲自领兵到了广陵，望见长江南岸几百里都是城楼。那些城是徐盛拿木头和苇席搭的假城。｜曹丕望着江水：「魏虽有武骑千群，无所用也。」随即退了兵。
陆抗	陆逊死时他二十岁，护送灵柩回吴郡，到建业谢恩。孙权拿着杨竺告陆逊的二十条罪状，一条条质问他。陆抗不看别处，逐条对答，孙权这才消了气。｜后来他守荆州，对面是晋将羊祜。陆抗送过酒，羊祜喝了也不疑。陆抗病了，羊祜送来药，左右劝他别吃，他一口喝下：「羊祜岂鸩人者！」｜步阐据西陵降晋，他筑起长围把西陵困住，打退晋军援兵，拿下城池，诛了步阐三族。陆抗继续镇守西陵一带，晚年病逝，其部众由诸子分领。
鲁肃	鲁肃字子敬，临淮东城人，是孙权的重要谋臣，主张联合刘备抵御曹操。周瑜做居巢长时，带着几百人去找鲁肃借粮。鲁肃家有两仓米，每仓三千斛，他随手指了一仓，全给了周瑜。｜曹操南下，江东大臣都劝孙权投降。孙权起身更衣，鲁肃追到屋檐下：「今肃可迎操耳，如将军，不可也。」｜赤壁打完，鲁肃回来，孙权下马迎他：「子敬，孤持鞍下马相迎，足以显卿未？」鲁肃答：「未也。」等孙权做了皇帝，再用安车软轮来请他，那才算显。孙权拍着手大笑。此后鲁肃主持荆州方向的军务，尽力维持孙刘联盟，未及孙权称帝便已去世。
诸葛瑾	诸葛亮的哥哥，脸长。一次宴会上孙权叫人牵进来一头驴，驴脸上挂着牌子，写着「诸葛子瑜」。他六岁的儿子诸葛恪跪下讨了支笔，在后面添了两个字：「之驴」。满座大笑，孙权把驴赏给了恪。｜孙权派他出使蜀汉，他跟弟弟只在公堂上相见，退下来不私下见面。｜有人向孙权告他暗通刘备，孙权不信：「子瑜之不负孤，犹孤之不负子瑜也。」他继续为吴国处理军政事务，后来官至大将军。
小乔	乔公的小女儿，史书里作桥。孙策和周瑜打下皖城，得了乔公两个女儿，孙策娶了姐姐，周瑜娶了妹妹。孙策拿这事逗周瑜：「桥公二女虽流离，得吾二人作婿，亦足为欢。」｜演义里，曹操南下时，诸葛亮在周瑜面前念曹植的《铜雀台赋》，念到「揽二乔于东南兮，乐朝夕之与共」。周瑜从座上跳起来，指着北方大骂。｜十一年后，周瑜在巴丘病故，她的名字在史书里再没出现过。
张昭	张昭字子布，彭城人，先后辅佐孙策、孙权，主持江东政务。孙策临死，把孙权托给张昭：「若仲谋不任事者，君便自取之。」孙权爱骑马射虎，有一回老虎扑上来抓住了马鞍。张昭变了脸色赶过来：「将军何有当尔？」孙权赶紧认错。｜后来孙权称帝，张昭举笏要称颂功德，孙权先开了口：「如张公之计，今已乞食矣。」张昭伏在地上，满身是汗。｜再后来为了公孙渊的事，两人闹翻，张昭称病不上朝。孙权叫人用土堵了他家大门，张昭在里面也拿土封上了。
张角	钜鹿人，自称大贤良师。他拿符水给人治病，叫病人跪下叩头思过，病好了，就说是信道的缘故。十几年间，徒众几十万，遍布八州。｜他把徒众分成三十六方，放出话来：「苍天已死，黄天当立，岁在甲子，天下大吉。」洛阳的寺门和州郡官府的墙上，都有人用白土写上「甲子」两个字。｜中平元年，弟子唐周上书告发，马元义在洛阳车裂。张角连夜传令各方提前起事，人人头裹黄巾。起义爆发后，他在广宗一带与汉军作战，未及最终战败便已病死。
孟获	南中的豪帅，夷人汉人都服他。建兴三年诸葛亮南征，下令对他只许活捉。｜第一回捉住，诸葛亮领他在营阵间走了一圈，问他这支军怎么样。孟获答：「向者不知虚实，故败。今蒙赐观看营陈，若只如此，即定易胜耳。」诸葛亮笑了，放他回去再打。｜放了七回，捉了七回。第七回诸葛亮还要放，孟获不走了：「公，天威也，南人不复反矣。」
李傕	北地人，董卓的部将。董卓死后，他和郭汜派人去长安求赦，王允不许。几个人商量着散伙，各自逃回凉州。｜贾诩拦住了他们：「诸君若弃军单行，则一亭长能束君矣。」于是收拢兵马，一路西进，打下了长安。献帝登上宣平门，李傕等人在城楼下伏地叩头。后来李傕与郭汜反目，关中陷入混战；其势力最终败亡。
郭汜	张掖人，早年在凉州做过盗马贼。｜董卓死后，他和李傕同掌长安，两人常在对方家里喝酒留宿。郭汜的妻子怕丈夫看上李家的婢妾，趁李傕送来饭菜，往里掺了豆豉，挑出来给他看，说是毒药。郭汜从此起了疑心。｜两家在长安城里打了几个月，死了上万人。李傕劫走天子，郭汜扣下公卿。此后郭汜势力衰落，最终被部下杀害。
徐荣	玄菟人。公孙度能当上辽东太守，是他向董卓荐的。｜关东兵起，曹操追到荥阳汴水，迎面撞上徐荣，打了一整天，士卒死伤大半，曹操中了流矢，坐骑也伤了。同一年他又在梁县打败孙坚，孙坚把头上的赤罽帻摘给祖茂戴着，才脱了身。｜董卓死后，他奉命去新丰截击李傕，死在阵上。
韩遂	金城人，本名韩约。凉州羌胡作乱，把他劫进军中，推他掌管军政。｜此后三十多年，他在凉州起起落落，和马腾结拜过兄弟，也杀过马腾的妻儿。潼关对阵，他和曹操在马上叙旧，拍手大笑。马超事后问他谈了什么，他答：「无所言也。」｜建安二十年，西平、金城的部将割下他的首级，送到了曹营。
麹义	早年在凉州待过，熟悉羌人的打法，手下兵都骁勇。｜界桥之战，公孙瓒的骑兵冲过来，麹义叫八百步卒伏在盾牌下不动，等骑兵到了几十步，一齐跳起，扬尘大叫，千张强弩同时发射。严纲死在阵前，白马义从溃了。｜此后他仗着功劳越来越骄纵。袁绍把他召来杀了，收了他的兵。
高览	袁绍部将。官渡相持，曹操夜袭乌巢，张郃要去救，郭图主张攻曹营，袁绍派张郃、高览去打大营，没打下来。｜乌巢失守的消息传来，郭图在袁绍面前进谗，张郃害怕，和高览一起烧了攻营的器械，投了曹操。｜演义里他后来随曹操打汝南，一枪挑了刘辟，转头撞上赵云，没几个回合就死在枪下。
淳于琼	字仲简，中平五年灵帝设西园八校尉，他和袁绍、曹操同在其列。｜官渡相持，袁绍派他领一万多人屯在乌巢看守粮车。演义里那天夜里他正和部将喝酒，醉倒在帐中。曹操带五千兵赶到，四下放火，他从帐里拖出来，割了耳朵、鼻子和手指，绑在马上放回袁营。｜袁绍见了，把他推出去斩了。
纪灵	袁术的大将，使一口三尖两刃刀。｜建安元年，他领三万步骑去打小沛的刘备。吕布赶来，把两边都请进营里喝酒，叫人在营门竖起一支戟：「诸君观布射戟小支，一发中者诸君当解去，不中可留决斗。」一箭正中小支，纪灵只好收兵。｜演义里他后来在徐州路上撞见张飞，不到十个回合，张飞一矛把他刺下了马。
蔡瑁	襄阳人，刘表的后妻是他姐姐。他年轻时和曹操交好，后来曹操到了襄阳，还到他家见了他的妻儿。｜刘表病重，刘琦回来探病，蔡瑁、张允把他挡在门外，不让父子见面。刘表死后，他们拥立刘琮，举州降了曹操。｜演义里蒋干从周瑜营里偷回一封假信，曹操疑他和张允通敌，斩了。首级献上来，曹操才醒悟。
黄祖	刘表的江夏太守。孙坚打刘表，追到岘山，黄祖的兵藏在竹林里放冷箭，射死了孙坚。｜从此孙家跟他结了仇。孙策打过他，孙权前后打了三回。甘宁在他手下多年不得重用，投了东吴，回头替孙权出主意打他。｜建安十三年江夏城破，黄祖一个人往外逃，骑兵冯则追上去，砍下了他的头。
朱儁	会稽上虞人，家里贫寒，母亲靠贩缯过日子。｜黄巾起事，他和皇甫嵩一同出兵，围宛城，久攻不下，他在西南角擂鼓佯攻，自领五千精兵从东北角翻上了城头。｜董卓死后，李傕、郭汜请他进京做官。后来两人反目，他去劝和，郭汜把他扣在营里。他性子刚，当天就气得发病而死。
阎行	金城人，字彦明，年轻时就以勇猛出名，在韩遂手下做将。｜韩遂和马腾反目那几年，阎行在阵上遇到马超，挺矛就刺，矛杆断了，他抡起断杆照马超的脖子砸下去，差点要了马超的命。｜韩遂把女儿嫁给了他。后来他还是带着家人往东投了曹操，封了列侯。
臧洪	广陵射阳人。讨董的诸侯会盟，推来让去，最后请他登坛。他捧着血盘宣读盟辞，声泪俱下，连底下的马夫杂役都听得激昂起来。｜后来张超困在雍丘，他求袁绍发兵，袁绍不肯，张超满门被灭，他就此和袁绍翻了脸。｜袁绍围东武阳一年多，城里粮尽，他杀了自己的爱妾，分给守城将士。城破后他仍拒绝求饶，被袁绍处死。
丁原	出身寒家，粗通武艺，做小吏时追捕盗贼，总冲在最前头。吕布跟着他，他待吕布很亲。｜董卓大宴百官，要废少帝，满座没人吭声，丁原推案站起，当面骂他。董卓拔剑要杀，看见丁原背后站着个人，手执方天画戟，瞪着他。｜过了几天，吕布牵回了董卓送的赤兔马，夜里提刀进了丁原的大帐，将他杀害，转投董卓。
吕玲绮	吕布的女儿，玲绮这个名字是后人起的，史书上只记作「布女」。｜曹操围下邳那年，吕布要把她送去袁术那里换援兵。他拿棉絮把女儿周身缠好，绑在马背上，趁夜亲自护送出城，撞上曹军营垒，箭射过来冲不过去，只得回了城。｜民间传她自小跟父亲习武，马快戟快。
刘表	山阳高平人，年轻时列名「八俊」，身长八尺有余。｜初平元年他受命做荆州刺史，那时路途不通，他单人匹马进了宜城，请来蒯良、蒯越、蔡瑁商量对策，不多久就把荆州收拾停当。｜北方打成一团的那些年，他在荆州开学官，收流民。官渡相持，袁绍派人来求援，他答应了，兵却一直没发。建安十三年，刘表病逝，继位的刘琮随后向曹操投降。
刘璋	刘焉的小儿子。刘焉死后，益州的大吏看他性子宽柔，推他接了班。｜听说曹操要打汉中，他派法正去荆州迎刘备。黄权劝他，他把黄权调出去做县长；王累把自己倒吊在城门上劝谏，他也没听。｜刘备围成都时，城里还有三万精兵、一年的粮。他开了城门：「父子在州二十余年，无恩德以加百姓。」他随后投降，迁往荆州，益州转由刘备掌握。
袁术	汝南袁家的嫡子，年轻时以侠气出名，常和一帮公子哥飞鹰走狗。｜建安二年，他在寿春称帝。两年后兵粮耗尽，想北上投袁绍，刘备在徐州截住他，只得退回江亭。｜那时是六月天，厨下只剩三十斛麦屑。他要一碗蜜水解渴，没有。他在床上坐了半晌，大叫一声：「袁术至于此乎！」吐血而死，僭号称帝的势力也随之瓦解。
陶谦	丹阳人，年少时不守规矩，十四岁还拿布条做旗，骑着竹马跟小孩玩。同县的甘公出门撞见他，看他相貌不凡，把女儿许给了他。｜后来他做了徐州牧。曹操的父亲曹嵩在徐州境内遇害，曹操两次东征，泗水里堆满了尸首，水都流不动。｜陶谦病重，对别驾麋竺交代：「非刘备不能安此州也。」陶谦随后病逝，刘备在徐州士人的推举下接掌州事。
汉献帝	名协，灵帝的次子，九岁那年董卓把他扶上了皇位。｜长安大乱，他一路往东逃。渡黄河时，百官攀着船舷，船上的人拿刀乱砍，舱里的断指能一把一把捧起来。回到洛阳，宫殿烧光了，尚书郎以下自己出城挖野谷。｜在许都做了二十多年天子。延康元年，他把皇位让给曹丕，出京做了山阳公，又活了十四年。
董承	董太后的侄子。献帝东归，他一路护驾，后来女儿进宫做了贵人。｜建安四年，他自称受了献帝藏在衣带里的密诏，和刘备、种辑、吴子兰、王子服等人商议除掉曹操。刘备没等动手，就出了许都。｜第二年正月，事情泄露，曹操杀了董承等人，夷了三族。董贵人那时怀着身孕，献帝几次求情，曹操没松口。
吉平	演义里叫吉太，字称平，是许都的太医。他和董承密谋除掉曹操，咬下一根手指立誓。｜曹操犯了头风，召他去下药，他在药里下了毒。曹操让他先尝，他扯住曹操的耳朵往里灌。家奴早就告了密，甲士一拥而上。｜他挨了几番拷打，九根手指截了，又要割舌头。他求松绑，朝宫城拜了拜，一头撞在台阶上。
刘虞	东海郯人。做幽州牧时穿旧衣草鞋。他开上谷的胡市，通渔阳的盐铁，青州、徐州逃来的百多万人都在幽州落了脚。｜初平四年，他领十万兵攻公孙瓒，下令「无伤余人，杀一伯珪而已」，兵士缩手缩脚，大败。｜公孙瓒把他押到蓟城的集市上祷告：他若该做天子，天就下雨救他。天没有下雨，刘虞被公孙瓒处死。
许劭	汝南平舆人，和堂兄许靖每月初一品评乡里人物，汝南人管这叫「月旦评」。｜曹操年轻时带着厚礼去求一句评语，许劭不肯开口。曹操再三追问，他才答：「子治世之能臣，乱世之奸雄。」曹操大笑而去。｜后来他避乱到了徐州，陶谦待他很厚，他却收拾行装走了。没过多久，陶谦把寄居徐州的士人都抓了起来。许劭继续南下避乱，最终客死于豫章。
曹节	曹操的女儿。建安十八年，她和两个姐妹一起入宫做了献帝的贵人，伏皇后死后，她册立为皇后。｜延康元年，曹丕受禅，派人进宫索要玉玺。她几次不给，最后把使者叫进来当面数落，抬手把玺摔到栏杆底下，流着泪骂：「天不祚尔！」左右没人敢抬头。｜献帝做了山阳公，她跟着出了京城。她此后以山阳公夫人的身份生活，去世后与献帝合葬。
张鲁	沛国丰人，祖父张陵在蜀中鹄鸣山学道，入道的人要交五斗米。｜他在汉中割据将近三十年，不设长吏，用祭酒治民。路口修了义舍，放着米肉，过路的人量着肚子取，据说多拿要得鬼病。｜曹操打下阳平关，他往巴中撤。手下要烧仓库，他拦住：「本欲归命国家，而意未达。」封好库门才走。后来张鲁归降曹操，受封阆中侯，家属也得到封赏。
孔融	孔子二十世孙。十岁时去见河南尹李膺，自称世交：「先君孔子与君先人李老君同德比义，而相师友。」陈韪不以为然：「小时了了，大未必佳。」孔融接口：「想君小时，必当了了。」｜后来在北海做相，袁谭攻城，流矢满天，他靠着几案读书，谈笑如常。｜建安十三年，他死在曹操刀下，两个孩子也没能保住。
卢植	涿郡涿县人，身长八尺二寸，声如洪钟。年轻时拜在马融门下，马融家常有女乐在堂前歌舞，他在那里听讲几年，眼睛没往那边斜过一回。｜黄巾起事，他把张角围在广宗，眼看要破城。宦官左丰讨贿赂不成，回京告了他一状，他坐着囚车回了洛阳。｜董卓要废少帝，百官都不作声，只有卢植出列反对。他此后离开朝廷，避居上谷，晚年去世。
审配	魏郡人，替袁绍管后方。袁绍死后，他拥立了袁尚。｜建安九年，曹操围邺城，挖了四十里长的壕沟，引漳水灌城，城里饿死了一大半。审配守了几个月，侄子审荣夜里打开东门，放曹军进了城。｜审配巷战时被擒，押去见曹操，辛毗跟在后面拿马鞭抽他的头。临刑前，他叫刽子手让他面朝北：「我君在北。」
逢纪	南阳人，袁绍起兵时就跟着，出主意让袁绍诈取冀州。｜官渡兵败，袁绍说没脸见田丰。逢纪在一旁接话：「丰闻将军之退，拊手大笑，喜其言之中也。」袁绍回到邺城，先杀了田丰。｜袁绍死后，他跟了袁尚，袁尚派他去袁谭军中监军。袁谭要兵，袁尚不给，袁谭一怒之下杀了他。
郭图	颍川人，袁绍的谋士。官渡之战，曹操夜袭乌巢，张郃要去救，郭图主张直捣曹营，袁绍听了他的。大营没攻下来，乌巢也丢了，郭图反说张郃幸灾乐祸，张郃干脆降了曹操。｜袁绍死后，他跟着袁谭，挑唆袁谭和弟弟袁尚动刀兵。建安十年曹操破南皮，他和袁谭死在一处。
许攸	南阳人，年轻时和袁绍、曹操都有交情。｜官渡相持，他的计策袁绍不用，家人又在邺城犯法下了狱。他连夜投奔曹营。曹操光着脚出来迎：「子远，卿来，吾事济矣！」许攸告诉他乌巢屯粮，守备松懈。｜打下冀州后，每逢酒席，他总叫曹操的小名：「阿瞒，卿非吾，不得冀州也。」没多久，曹操把他收押杀了。
蹇硕	小黄门出身，身强体壮，懂些兵事，灵帝很宠信他。他叔父夜里犯禁，曹操那时做北部尉，一顿五色棒把人打死了。｜中平五年设西园八校尉，蹇硕做上军校尉，连大将军何进也归他节制。灵帝死后，他想先杀何进，再立刘协。何进进宫走到半路，蹇硕的司马潘隐迎上来使了个眼色，何进掉头抄小路跑回军营。何进避过这次谋杀，随后控制其部众，蹇硕被杀。
祢衡	平原般县人。到许都时，怀里揣着一块名刺，找不到值得投的人，字都磨没了。｜曹操叫他做鼓吏。宾客满堂，他走到曹操跟前，当众脱光衣服，再慢慢换上鼓吏的衣裳，击了一曲《渔阳》，脸色不变。｜曹操把他送给刘表，刘表转送江夏的黄祖。在黄祖船上，他骂黄祖「死公」，黄祖把他杀了。那年他二十六。
蒯良	南郡中庐人，蒯越的兄长。刘表初到荆州，找他们兄弟问计。蒯良主张：「众不附者，仁不足也；附而不治者，义不足也。」蒯越主张用权谋。｜刘表听完：「子柔之言，雍季之论也；异度之计，臼犯之谋也。」｜演义里孙坚追黄祖，是蒯良的主意，叫吕公在岘山伏下弓弩，滚石砸死了孙坚。
蒯越	蒯良的弟弟，字异度。刘表初到荆州，他设宴诱来宗贼头目五十五人，一并斩了，收编了他们的部众。｜刘表死后，他劝刘琮归降。曹操到了荆州，写信给荀彧：「不喜得荆州，喜得蒯异度耳。」｜建安十九年他病重，写信托曹操照看家门。曹操回信：「死者反生，生者不愧。」
曹洪	曹操的堂弟。汴水一战，曹操的马伤了，追兵在后，曹洪跳下马让给他。曹操不肯，曹洪：「天下可无洪，不可无君。」他步行跟着，找到船一起过了河。｜他家富，人却吝啬。曹丕做太子时向他借绢，他没借。｜曹丕即位，找由头把他下狱要杀。卞太后放话，曹洪今天死，明天就叫皇帝废了郭皇后。曹洪这才免死。
曹休	曹操的族子。十几岁时父亲死了，他和一个门客抬着棺材草草下葬，带着老母渡江去了吴地。听说曹操起兵，他改名换姓，从荆州抄小路北上。曹操指着他：「此吾家千里驹也。」｜太和二年，周鲂送来降书，他领兵深入到石亭，陆逊三路夹攻，他大败而回。｜回来没多久，背上的毒疮发作，死在任上。
曹纯	曹仁的弟弟，十八岁做黄门侍郎。家里僮仆几百，他管得井井有条。｜他统领虎豹骑，这支兵都是百人里挑出来的。南皮一战，他麾下的骑兵斩了袁谭。长坂坡追刘备，他截下了刘备的两个女儿和辎重。｜建安十五年他死后，曹操找人接管虎豹骑，挑来挑去：「纯之比，何可复得！吾独不中督邪？」最后自己统领。
夏侯尚	夏侯渊的侄子，和曹丕自小交好。后来做荆州牧，攻江陵时夜里派兵驾着油船，把吴军的船烧了。｜他宠爱一个小妾，冷落了正妻，正妻是曹家的女儿。曹丕派人把那小妾绞死。夏侯尚病得恍恍惚惚，埋了又挖出来看。曹丕骂他：「杜袭之轻薄尚，良有以也。」此后夏侯尚病势加重，最终去世。
李典	山阳钜野人，年轻时好学，不喜欢兵事，拜师读《春秋左氏传》。后来领着宗族部曲一万三千多口迁到邺城。｜合肥那年，张辽要出城迎击孙权。李典平日和张辽不和，这时开口：「此国家大事，顾君计何如耳，吾可以私憾而忘公义乎！」他跟张辽一道杀出城去。合肥之战中，他与张辽协力拒敌，后来官至破虏将军。
臧霸	泰山华县人。父亲做县里的狱掾，不肯照太守的意思杀人，太守把他抓了往郡里押。臧霸那年十八，带着几十个门客在费县西山截下囚车，救出父亲，一家逃到了东海。｜后来他归了曹操。曹操要他交出投奔来的旧识，他回话：「霸所以能自立者，以不为此也。」曹操没再追究。此后他继续为曹魏领兵，统领青、徐一带兵马。
文聘	南阳宛人，刘表的大将，守荆州北面。刘琮降曹，叫他同去，他不肯：「聘不能全州，当待罪而已。」｜曹操过了汉水，他才来见。曹操问他为何来得晚，他答：「今日至此，实怀悲惭，无颜早见耳。」泪流不止。｜后来他守江夏几十年。孙权五万兵围石阳，大雨冲垮了城栅，他躺着不出来。孙权疑心有伏兵，退了。
文鸯	毌丘俭、文钦在寿春起兵，文鸯是文钦的儿子，那年十八岁。｜司马师大军压来，他跟父亲约好夜里两路夹击，自己带人摸到营外擂鼓呐喊，父亲那一路始终没到。天亮退兵，魏军骑兵追上来，他单骑折回，冲进追兵里杀了百余人，来回六七趟才走。｜那一夜，司马师眼上的瘤子迸裂了。
郝昭	郝昭字伯道，太原人，是曹魏守将。诸葛亮带几万人围陈仓，城里只有郝昭一千多兵。亮派他的同乡靳详到城下劝降，郝昭在楼上答：「我之为人，卿所知也。卿还谢诸葛，便可攻也。」｜蜀军架云梯，他射火箭；推冲车，他拿绳子吊着石磨往下砸；挖地道，他在城里横着挖沟截断。攻了二十多天，诸葛亮粮尽退兵。陈仓因此守住，郝昭受到魏明帝嘉奖，不久因病去世。
王双	演义中，王双是陇西狄道人，使六十斤大刀，腰里还藏着流星锤。｜陈仓城下，他几个回合砍了蜀将谢雄，又斩了龚起。张嶷追他，吃了他回身一锤。｜诸葛亮退兵，他领骑兵紧追，忽见营寨背后火起，拨马回救，魏延从旁杀出，一刀把他砍下马。
陈泰	陈群的儿子。姜维围狄道，他领兵翻过高城岭，夜里到了狄道东南的山上，遍举烽火，鸣鼓吹角，姜维解围走了。｜高贵乡公死在车下，司马昭召他来问怎么办，他答：「独有斩贾充，少可以谢天下耳。」司马昭要他再想想别的，他答：「泰言惟有进于此，不知其次。」
王濬	王濬字士治，弘农湖县人，是西晋伐吴的水军统帅。在益州造船，连起来的大船方一百二十步，装得下两千多人，船上起楼，能跑马。削下的木片漂到下游，吴国建平太守吾彦捞起来送给孙皓。｜吴人在江里拦了铁锁，水下插满铁锥。王濬放几十个大筏，扎上披甲的草人在前头挂走铁锥，再点起灌了麻油的火炬烧熔铁锁。船开到石头城下，孙皓把自己绑了出来投降。
李进	兖州乘氏县人，县里的豪强。｜兴平元年，吕布趁曹操东征陶谦，拿下兖州大半，领兵屯在乘氏。李进聚起县里的人跟他打了一仗，吕布败了，往东退到山阳。｜现存记载以击败吕布这一事为主，后来的经历未详。
阎柔	广阳人，小时候落在乌桓、鲜卑手里，在草原上长大，那边的部落反倒都信服他。｜后来他借鲜卑的兵杀了护乌桓校尉邢举，自己坐了那个位子。袁绍拉拢他，曹操平了河北，他带着部众来归，仍旧做护乌桓校尉。曹操待他如同儿子。
王异	赵昂的妻子。马超围冀城，她披上甲上城，把身上的首饰、箱里的衣裳全拿出来分给守城的兵。｜冀城降了，儿子赵月押在马超那里做人质。赵昂和杨阜谋划起兵，回家问她，她答：「忠义立于身，雪君父之大耻，丧元不足为重，况一子哉？」他们随后起兵驱逐马超，赵月却因此遇害。
司马师	司马懿的长子。父子谋诛曹爽，他私下养了三千死士，散在民间。起事那天早上，这些人一齐聚到司马门，外人不知是从哪里冒出来的。｜前一夜，司马懿派人去看两个儿子，司马昭翻来覆去睡不着，司马师睡得照常安稳。后来他接掌魏国军政，废立皇帝；征讨毌丘俭、文钦期间病势加重，死于许昌。
司马昭	兄长死在许昌，兵权交到了他手里。｜曹髦召来王沈、王经、王业：「司马昭之心，路人所知也。」领着宫中几百僮仆冲出去讨他。贾充带兵迎上，成济一戈刺穿了皇帝。｜他后来派钟会、邓艾伐蜀，受封晋王，到死也没登上那个位子。
满宠	做许县县令的时候，曹洪的门客在县里屡次犯法，满宠一概拘捕。曹洪去找曹操，曹操召许县官吏问话，满宠料到要放人，抢先把犯人杀了。｜杨彪下狱，荀彧、孔融都托他别用刑，他照样拷打，审完禀告曹操：「杨彪考讯无他辞语。」曹操当天放了杨彪。满宠后来长期镇守淮南，多次抵御吴军进攻。
刘晔	光武帝的后人。七岁那年母亲临终嘱咐：家里有个近侍是奸人，你长大了除掉他。刘晔十三岁，提刀进屋把那人杀了。｜官渡两军相持，袁绍筑土山往曹营射箭，刘晔献计造发石车，石头飞过去，把袁军的楼橹全打塌了，袁军管这叫霹雳车。他后来继续参与曹魏军政谋议，以能洞察局势著称。
王朗	东海郯人，做会稽太守时孙策打过来，他兵败投降。｜乘船避乱，有人求搭船，华歆犹豫，王朗答应了。贼追近了，王朗要把那人丢下，华歆不肯：「既已纳其自托，宁可以急相弃邪？」｜七十六岁随曹真出征，阵前劝诸葛亮投降。诸葛亮骂他「皓首匹夫，苍髯老贼」，他大叫一声，撞死在马下。
华歆	年轻时和管宁在园子里锄菜，地里翻出一块金子，管宁照锄不误，华歆拾起来看了看才扔掉。门外过一辆高官的车，管宁读书如故，华歆放下书跑出去看。管宁把两人同坐的席子割开：「子非吾友也。」｜后来曹操要废伏皇后，华歆带兵进宫，破开夹墙，揪着头发把皇后拖了出来。此后华歆在曹魏任职，官至太尉。
杜预	不会骑马，射箭穿不透铠甲的札叶，做到了镇南大将军。平日书不离手，自称有《左传》癖。｜攻江陵时，城里的人知道他脖子上长瘿，把葫芦挂在狗脖子上给他看，又把树瘤削白了写上「杜预颈」。城破，他把这些人都杀了。｜众将劝他等来年再打，他答：「今兵威已振，譬如破竹，数节之后，皆迎刃而解。」晋军随后平定吴国；杜预晚年继续著述，留下《春秋左氏经传集解》。
杨阜	天水冀城人。马超攻冀城，他领着宗族子弟从正月守到八月，城里还是开门降了，刺史韦康死在马超手里。｜他借口妻子过世请假，去历城见表兄姜叙，一进门就哭。姜叙的母亲催着儿子起兵。｜后来跟马超交战，他身上受了五处伤，同族兄弟战死七个。马超被逐出冀城，杨阜此后在曹魏任职，以直言谏诤见称。
马钧	扶风人，口吃，不善言辞，在朝里做个小官。｜朝中争论古书上的指南车，高堂隆、秦朗都不信能造出来，拿他取笑。他不辩，奉诏回去，把车造了出来。｜京城有块坡地没法浇水，他做了架翻车，小孩子都转得动，水自己往上走。这些事迹使马钧成为魏国著名的机械巧匠。
管辂	平原人，小时候夜里不睡，看着星星问大人天上的名字。｜何晏请他卜卦，问自己能不能做到三公，又问梦见几十只青蝇落在鼻子上，赶也赶不走。邓飏在旁边听他讲完，嫌是老生常谈。｜舅舅怪他话太直，管辂答：「与死人语，何所畏邪？」过了年，何晏、邓飏都死在高平陵之变里。
杨修	杨修字德祖，弘农华阴人，曾任曹操主簿。随曹操过曹娥碑，碑阴八个字「黄绢幼妇，外孙齑臼」。曹操骑马走出三十里才想通，杨修在碑前就解出来了。｜汉中相持，夜里的口令是「鸡肋」。杨修叫随从收拾行装，旁人问，他答：「食之无肉，弃之有味。」曹操以惑乱军心为由，把他斩了。
陈登	陈登字元龙，下邳淮浦人，曾任广陵太守。许汜在刘表席上抱怨：当年去下邳见陈登，陈登不讲主客之礼，自己睡大床，叫他睡下床。｜刘备听完接过话头：天下大乱，你求田问舍，要是换了我，就睡百尺楼上，让你睡地下。｜陈登爱吃生鱼脍，华佗替他治过一回，叮嘱三年后还会发作。到期病发，华佗不在，他没挺过去，年三十九。
陈群	颍川许昌人，出身颍川陈氏，祖父陈寔、父亲陈纪都以名望著称。｜刘备在豫州时请他做别驾，要去接徐州，他劝别去，刘备没听，徐州果然丢了。｜入魏后他定下九品官人法，州郡设中正，按品第给士人定等。这套制度成为魏晋选官的重要依据，陈群后来官至司空。
钟繇	颍川长社人，写得一手好字。｜曹操在官渡跟袁绍相持，钟繇从关中送去两千多匹马。曹操回信：「昔萧何镇守关中，足食成军，亦适当尔。」｜传说他见韦诞藏着蔡邕的笔法，求而不得，捶胸捶到吐血。等韦诞死了，他叫人掘开韦诞的墓，把书取了出来。
羊祜	羊祜字叔子，泰山南城人，是西晋镇守荆州的重臣。镇守襄阳，平日穿着轻裘，腰带松松地系着，身上不披甲，帐前侍卫不过十几个。｜对面是吴国的陆抗。陆抗送来酒，他端起就喝；陆抗病了，他送去药，陆抗也照服。｜他死后，襄阳人在岘山他常去游玩的地方立了块碑，来看碑的人都落泪，杜预给碑起名叫堕泪碑。
曹丕	曹操的次子。酒席上听奋威将军邓展谈剑术，不服，两人拿甘蔗当剑下殿比试，他三次打中邓展的手臂。邓展要再比，他佯作深进，一杖正中邓展的额头。｜王粲下葬那天，他对同去的人道：「王好驴鸣，可各作一声以送之。」满座学了一声驴叫。
甄姬	中山无极人，嫁给袁绍的次子袁熙。邺城破的那天，曹丕进了袁家内室，见她披散着头发遮住脸，伏在婆婆刘氏膝上。曹丕叫她抬起头来。｜后来她做了魏文帝的夫人，失宠后有怨言，被赐死。下葬时头发披着盖在脸上，嘴里塞满了米糠。
田畴	刘虞死后，他到刘虞墓前摆上祭品哭了一场，随后带着宗族进了徐无山，几年间来投的有五千多家。｜曹操北征乌桓，夏天大水，海边的路走不通。大军撤走时在路边立了块木牌：「方今暑夏，道路不通，且俟秋冬，乃复进军。」田畴领着人马出卢龙塞，走荒废多年的旧道，填谷开山五百多里。曹军因此绕开受阻的道路，突至乌桓腹地；田畴事后辞让封赏。
张春华	司马懿推说得了风痹，不肯出来给曹操做事。有天晒书，忽然下雨，他顾不上装病，自己起身去收。家里一个婢女看见了，张春华亲手杀了她，从此自己下厨做饭。｜司马懿晚年卧病，她去探望，司马懿骂：「老物可憎，何烦出也！」她回去就不吃饭，几个儿子跟着一起绝食。司马懿只好去赔不是。
廖化	襄阳人，本名淳，在关羽手下做主簿。｜关羽败亡，他落在吴人手里，一心要回去，就诈称病死，旁人都信了。他背着老母亲日夜往西走，在秭归撞上东征的刘备。｜此后又活了四十多年。蜀亡，他随众迁往洛阳，没走到就病故在路上。
周仓	演义中，周仓是关西人，两臂有千斤力气，板肋虬髯，原在卧牛山落草。关羽过关时他拜在马前，从此步行扛刀。｜单刀赴会，他捧刀站在关羽身后。鲁肃席上讨荆州，他在阶下插了一句：「天下土地，惟有德者居之。」关羽夺过刀，喝他出去。｜关羽父子的死讯传到麦城，他拔剑自刎。
吴懿	陈留人，父亲和刘焉是老朋友，一家人跟着刘焉进了蜀。｜他妹妹先嫁刘焉的儿子刘瑁，刘瑁死后守寡。刘备得了益州，群臣劝他娶这位寡妇，刘备嫌和刘瑁同族，法正拿晋文公和子圉作比，事情就定了。｜诸葛亮死后，吴懿督守汉中。他后来官至车骑将军，封济阳侯。
张翼	犍为武阳人。做庲降都督时，南中豪帅刘胄反了，朝廷召他回去，部下劝他快走，他不肯：「吾以蛮夷蠢动，不称职故还耳。」直到把粮草备齐，才交给马忠动身。｜洮西大胜，他劝姜维：「可止矣，不宜复进。」姜维大怒，接着围狄道，没有打下来。蜀亡后张翼随姜维到成都，死于钟会之乱。
张嶷	巴郡南充国人，年轻时做县功曹，山贼攻县，县长扔下家眷逃了。张嶷冒着刀枪冲进去，背起县长的夫人跑了出来。｜晚年他腿脚有病，拄着拐杖才能站起来，照样跟姜维北伐。在襄武和魏将徐质交战，他死在阵前，杀伤的敌人比自己的兵多一倍。
傅佥	傅肜的儿子，父亲在夷陵断后战死，他在蜀中长大。｜钟会大军压到阳安关，副将蒋舒要出城迎战，他不肯。蒋舒自己领兵出去，转身降了魏。胡烈趁虚攻进关来，傅佥力战，马倒了，他拔剑自刎：「吾生为蜀臣，死亦当为蜀鬼！」
诸葛瞻	诸葛瞻字思远，是诸葛亮的儿子，成年后在蜀汉任职。诸葛亮在军中给哥哥诸葛瑾写信：「瞻今已八岁，聪慧可爱，嫌其早成，恐不为重器耳。」｜邓艾从阴平出来，诸葛瞻领兵迎到绵竹。邓艾派人送信，许他投降就表为琅邪王。他斩了来使，出阵迎战，死在阵中。｜儿子诸葛尚闻讯：「父子荷国重恩，不早斩黄皓，以致倾败，用生何为！」拍马冲进魏军。诸葛尚也在绵竹战死，父子都未能挽回蜀汉的败局。
霍峻	南郡枝江人。刘备南下攻刘璋，把葭萌城交给他守。｜张鲁派杨帛来，要帮着一起守城，霍峻回话：「小人头可得，城不可得。」杨帛只好退走。｜刘璋的将领扶禁、向存带一万多人围城，围了将近一年。城里只有几百人，霍峻瞅准敌军松懈，挑出精兵开门杀出去，斩了向存。守城之功使他获任梓潼太守，后来去世，刘备亲自前往吊祭。
罗宪	罗宪字令则，襄阳人，是蜀汉镇守永安的将领。成都投降的消息传到永安，城里人心惶惶。罗宪斩了一个造谣的，领着部下在都亭哭了三天。｜吴国派兵西上想趁机夺城，罗宪闭门拒守。陆抗带三万人围城，围了六个月，城里一大半人病倒，他还是不开门，一直等到晋朝的援兵赶来。永安得以保全；此后罗宪归晋，继续承担边地军务。
李严	南阳人。刘备在白帝城临终，把太子托给诸葛亮，李严做副手，统领内外军事。｜诸葛亮在祁山打仗，李严管运粮，赶上连日大雨，粮运不上，他派人传话叫诸葛亮退兵。等诸葛亮退回来，他又装作吃惊：「军粮饶足，何以便归！」｜事情败露，他废为平民，迁到梓潼。听到诸葛亮的死讯，他发病死了。
刘封	本姓寇，罗侯寇氏的儿子。刘备到荆州时还没有儿子，收他做了养子。｜关羽围樊城，接连派人叫他和孟达发兵，他推说山郡刚刚归附，不肯动。｜孟达降魏后写信劝他一起走，他不理。申仪一反，他逃回成都，刘备命他自尽。临死他叹：「恨不用孟子度之言！」
关索	演义中，关索是关羽的第三子。荆州失守那年，他受了伤，在鲍家庄养着，没能跟在父亲身边。｜伤好后入川，正赶上诸葛亮南征，就做了先锋，一路打进南中。｜正史里找不到这个人，贵州、云南却有好几处关索岭。
鲍三娘	演义中，鲍三娘是鲍家庄的女儿，使得好刀，放出话来：谁打赢她，她就嫁谁。来比的人都输了回去。｜关索路过，下场跟她交手，赢了。她跟了关索，一起投奔蜀中。｜民间传她后来守在葭萌关一带，昭化古城外有座坟，当地人叫它鲍三娘墓。
傅肜	傅肜是刘备麾下的蜀汉将领，以夷陵之战中的断后死战见于史书。刘备在夷陵大败，连夜往白帝城退，傅肜领兵断后。｜身边的人一个个倒下，吴军围上来劝降，他骂：「吴狗！何有汉将军降者！」死在乱军里。｜他的儿子傅佥后来守阳安关，也没有降。
柳隐	成都人，跟着姜维北伐，常做先锋，很少吃亏。｜钟会大军南下，汉中各处关围接连失守，只有柳隐守的黄金围始终没打下来。直到后主的手令送到，他才开围投降。｜入晋后，他做了西河太守。
习珍	关羽丢了荆州，零陵北部都尉习珍不肯降吴，拉起人马守在孤山。｜潘濬领兵来讨。他守了一个多月，粮吃尽，箭射完，对部下讲受了汉家的恩，只有一死，拔剑自刎。｜刘备听到消息，追赠他为邵陵太守。
关银屏	孙权派人替儿子求亲，要娶关羽的女儿。关羽骂走了使者：「吾虎女安肯嫁犬子乎！」民间传说，这个女儿就是关银屏。｜后来她嫁给李恢的儿子李遗，随诸葛亮南征。云南民间叫她关三小姐。
马云禄	马超的妹妹，出自民国周大荒写的《反三国演义》。书里她跟着兄长投了刘备，后来嫁给了赵云。｜正史上找不到这个人。马超临终的上疏里，家里只剩一个从弟马岱。
邓芝	新野人，刘备死在白帝城，诸葛亮担心孙权变卦，邓芝自请出使东吴。｜孙权迟迟不见他，他上表：「臣今来亦欲为吴，非但为蜀也。」见了面，孙权问，灭魏以后两家平分天下好不好。他答，到那时两国的仗才刚开打。孙权大笑：「君之诚款，乃当尔邪！」｜他后来做到车骑将军，死时家无余财。
秦宓	广汉绵竹人，屡次称病不肯做官。刘备伐吴前，他上言天时不利，下了狱。｜吴使张温到成都，席上问他：「天有头乎？」他答：「有之，在西方。」张温又问天有没有耳朵、有没有脚，他句句引《诗》作答。最后问天姓什么，他道：「姓刘。」张温问何以知之，他答：「天子姓刘，故以此知之。」
马谡	马良的弟弟，好论军计，诸葛亮常跟他谈到半夜。刘备临终交代诸葛亮：「马谡言过其实，不可大用。」｜南征孟获，诸葛亮送出几十里，问他有何良策。他答：「攻心为上，攻城为下。」｜第一次北伐，他守街亭，不按节度扎营，把兵拉上了山，张郃断了他的水道。回到汉中，诸葛亮挥泪斩了他，十万将士落泪。
杨仪	襄阳人，在诸葛亮军中做长史，调度部伍粮草。魏延和他不和，拔刀在他面前比划，他哭得涕泪横流。｜诸葛亮死在五丈原，他领大军撤回。魏延烧栈道拦路，兵败，首级送来，他一脚踩上去：「庸奴！复能作恶不？」｜回成都后他只得了闲职，对费祎抱怨当初不如投魏。费祎把话报了上去，他废为平民，最后自杀。
谯周	巴西西充人，头一回见诸葛亮，左右都笑了。事后有司要治笑的人，诸葛亮道：「孤尚不能忍，况左右乎！」｜诸葛亮死在五丈原，他在家听到消息立刻动身。随后朝廷下诏不许官员前去，只有他走得快，赶到了。｜邓艾兵临成都，群臣有主张南逃的，有主张投吴的。谯周力主出降，刘禅照他的话做了。
张松	刘璋的别驾，个子矮小，放荡不治节操。他奉命去见曹操，曹操刚拿下荆州，没怎么理他。｜杨修拿出曹操写的兵书给他看，他翻了一遍，当场背了出来。回到益州，他劝刘璋跟曹操断交，去结好刘备，又把西川的地理图献给了刘备。｜刘备入川后，他写给刘备的密信败露，告发他的是亲哥哥张肃。刘璋把他斩了。
董允	董和的儿子。年轻时和费祎去赴许靖儿子的丧礼，父亲给了辆简陋的鹿车，他面露难色，费祎抬脚先上了车。｜诸葛亮北伐前上《出师表》，把宫中的事托付给他。刘禅想多选些宫女，他不答应。宦官黄皓怕他，他活着的时候，黄皓的官不过黄门丞。董允去世后，黄皓才逐渐得势，蜀汉宫中的约束随之减弱。
费祎	江夏鄳县人。几次出使东吴，孙权爱拿酒灌他，趁醉发难，诸葛恪在旁边跟着辩，他一条条答回去。｜他看公文，扫一眼就知道要旨。早晚办完政务，其余时间会客、吃喝、下棋。董允接他的班学他这样办，不到十天，公事就积压起来了。｜延熙十六年正月大宴，他喝醉了，魏国降人郭修上前刺死了他。
糜竺	东海朐县人，祖上世代经商，家中僮仆食客上万。｜刘备在广陵被吕布打得走投无路，他把妹妹嫁给刘备，又送去奴客两千人和大批金银，军中这才缓过来。入蜀后他位在诸葛亮之上，却从没带过兵。｜弟弟糜芳在南郡开城降了吴，他把自己绑了去请罪。刘备好言安慰，他还是羞愤成病，一年多后去世。
简雍	涿郡人，刘备小时候的朋友。在刘备席上也盘腿歪坐。刘备围成都，派他劝降，刘璋和他同坐一辆车出了城。｜蜀中天旱禁酒，藏酿酒器具的也治罪。他陪刘备出游，见一男一女走在路上，便道：「彼人欲行淫，何以不缚？」刘备问他怎么知道，他答：「彼有其具，与欲酿者同。」刘备大笑，放了那些藏酿具的人。
孙乾	北海人，郑玄把他推荐给了州里。刘备领徐州，召他做从事，从此跟着刘备四处奔走。｜刘备投袁绍、投刘表，打前站的都是他。袁谭、袁尚兄弟相争，刘表写信劝和，信里有一句：「每与刘左将军、孙公祐共论此事，未尝不痛心入骨。」｜入蜀后他做到秉忠将军，礼遇和简雍一样，没过多久就去世了。
伊籍	山阳人，早年投在同乡刘表门下，刘备在荆州时，他常去走动。｜演义里，蔡瑁在襄阳设宴要害刘备，伊籍悄悄递话：东、南、北三门都有伏兵，只有西门可走。刘备跃马过了檀溪。｜后来他出使东吴。孙权要当面挫他，等他刚拜下去就问：「劳事无道之君乎？」他应声答：「一拜一起，未足为劳。」伊籍后来参与制定《蜀科》，继续辅佐蜀汉政务。
糜夫人	糜竺的妹妹，刘备在广陵最窘的时候嫁过去的。｜演义里，长坂坡乱军里，她腿上带伤，抱着阿斗坐在断墙下一口枯井边。赵云找到她，要把马让给她骑。她把阿斗塞到赵云怀里，求他护住刘备这点骨血。赵云再三催她上马，她转身跳进了枯井。｜赵云推倒土墙，把井口掩上，抱着阿斗杀了出去。
刘巴	零陵人。刘备在荆州招揽人，他不肯去，北上投了曹操，又辗转到了益州。｜张飞到他家借宿，他一句话也不跟张飞讲。诸葛亮来劝，他道：「大丈夫处世，当交四海英雄，如何与兵子共语乎？」｜刘备取成都，府库让士兵抢空了，军用不足。刘巴献策，铸直百钱，平抑物价，由官府开市。几个月后，府库又满了。他后来官至尚书令，以清俭自守。
蒲元	《三国志》里没有他，事迹只零星见于类书。他替诸葛亮在斜谷造刀，一口气打了三千口。｜他嫌汉水钝弱，不能淬火，派人去成都取蜀江水。取水的人过涪津时打翻了水，掺了涪水凑数。蒲元一淬便知，指出里面杂了八升涪水，那人只好叩头认了。｜刀造好，他拿竹筒装满铁珠，举刀一砍，竹筒应手而断。
蒋钦	九江寿春人，跟着孙策从江北过来。孙权有一回去他家，看见他母亲睡的是粗布帐子，妻妾穿布裙，当即叫人给他家做衣服、换帐子。｜徐盛早年差点杀了他的部下，两人结了怨。后来孙权问起徐盛，他却极力称赞，徐盛这才服了他。｜吕蒙袭荆州，他领水军入沔水，回军途中病逝。
陈武	庐江松滋人，身长七尺七寸，十八岁就去寿春投了孙策。他待人厚道，乡里人多来归附，孙权也常去他家。｜建安二十年，孙权攻合肥，张辽出城突袭，陈武死战，没能回来。孙权亲自给他送葬。据《江表传》，孙权还下令让他的爱妾殉了葬。
董袭	会稽余姚人，身高八尺。｜孙权征黄祖，黄祖用两艘蒙冲横在沔口，上千人拿弩交射。董袭和凌统各领敢死队，乘大船冲进去，董袭亲手砍断了蒙冲的缆绳。｜后来在濡须口，夜里起了暴风，他的五楼船要翻，左右放下小船请他走。他大怒：「受将军任，在此备贼，何等委去也，敢复言此者斩！」船就沉了。
潘璋	东郡发干人，好喝酒，家里穷，常赊酒喝，讨债的上门，他就说等以后发了财再还。｜关羽走麦城，潘璋和朱然在临沮截住去路，他手下的司马马忠擒住了关羽父子。演义里，关羽的青龙刀落到了他手里。｜刘备东征，关兴在乱军中追上他，一刀斩了，夺回了父亲的青龙刀，提着首级去祭关羽。
朱桓	吴郡吴县人。黄武初年曹仁带数万人攻濡须，朱桓手下只有五千，诸将害怕。他道守城以逸待劳，照样开营迎战。曹仁分兵偷袭中洲，他派兵截击，斩了常雕。｜有一回他要远行，孙权设宴送他。他上前请求：「愿一捋陛下须，无所复恨。」孙权探身凑过来，他捋着胡子道：「臣今日真可谓捋虎须也。」孙权大笑。朱桓后来继续为吴领兵，官至前将军。
朱然	本姓施，舅舅朱治没有儿子，把他过继了过去。小时候他和孙权在一处读书。关羽败走，他和潘璋在临沮截住了去路。｜吕蒙死后他接手江陵。魏军三路南下，曹真、夏侯尚把江陵围了六个月，城里很多人得了肿病，能打的只剩五千。朱然照常起居，看准时机出城，一连破了魏军两座营寨。魏军最终撤围，江陵得以守住，朱然由此名震敌国。
全琮	吴郡钱唐人。父亲全柔让他运几千斛米去吴郡卖，他把米全散给了缺粮的士人，空船回来。全柔大怒，他磕头答：「愚以所市非急，而士大夫方有倒县之患，故便振赡，不及启报。」｜后来他娶了孙权的女儿孙鲁班，做到右大司马。太子孙和与鲁王孙霸相争，他的儿子全寄支持鲁王，全氏也卷入了继承之争。全琮晚年去世。
凌操	吴郡余杭人，年轻时好行侠，孙策起兵就跟了去，每战冲在前头。｜建安八年孙权讨黄祖，他驾着轻船打头阵，已经破了黄祖的前锋，一支箭飞来射中了他。放箭的是当时还在黄祖营中的甘宁。｜儿子凌统那年十五岁，接着带他的兵。
朱治	丹阳故鄣人，早年跟着孙坚打仗。孙坚死后，他看出袁术成不了事，劝孙策回江东。｜孙权十五岁那年，是朱治举了他孝廉。后来孙权做了吴王，朱治每次来见，孙权都亲自迎出去，手执笏版和他对拜。｜他没有儿子，把外甥施然过继来，就是后来守江陵的朱然。
吕岱	广陵海陵人，起初只是郡县小吏。他在交州平了士徽，又派人南下宣谕，扶南、林邑的国王都遣使来朝。｜好友徐原常当众挑他的错，有人告诉他，他只道：「是我所以贵德渊者也。」徐原死了，他哭得很伤心。｜八十多岁还在带兵，九十六岁去世，遗命用素棺、粗布衣，丧事一切从简。
贺齐	会稽山阴人，年轻时做剡县长。县吏斯从仗着宗族作恶，主簿劝他别碰，他当场斩了斯从。此后多年，他在深山里一路打山越。｜他爱排场，船上雕花涂丹，青盖红帷，刀枪盾牌画着花纹，战船望去像一座山。魏将曹休在对岸看见，心里发怵，退了兵。贺齐后来官至后将军，长期参与平定江东山越。
留赞	会稽长山人，做郡吏时斩了黄巾头目吴桓，一条腿伤得伸不直。他拿刀割开腿筋，硬把腿拉直，又能走路了。｜每次上阵，他先披散头发仰天大叫，放声高歌，左右齐和，唱完才冲出去。｜七十三岁随孙峻北上，病中遭魏军追上。他解下印绶交给部下，自己留下迎战：「吾为将积年，今败于此，天命也。」随后他与身边将士战死，未能从这次追击中脱身。
诸葛恪	诸葛瑾的长子。孙权大宴群臣，牵来一头驴，脸上挂着「诸葛子瑜」，笑他父亲脸长。他跪下讨了笔，在下面添了两个字：「之驴」。满座大笑。｜孙权死后他辅政，东兴一战大破魏军。第二年他发二十万人围新城，久攻不下，士卒病倒大半。｜孙峻设宴请他，出门时狗咬住他的衣襟不放。他仍赴宴，最终被孙峻杀害，族人也遭诛杀。
步骘	临淮淮阴人，避乱江东，和卫旌一起种瓜糊口。｜两人去拜会当地豪强焦征羌，主人面前摆满菜肴，给他们的只是小盘饭和几根青菜。卫旌吃不下，步骘吃得饱饱的才告辞。出门卫旌发火，他答：「吾等贫贱，是以主人以贫贱遇之，固其宜也，当何所耻？」｜后来他出任交州刺史，斩了苍梧太守吴巨，晚年官至丞相。
阚泽	会稽山阴人，家里世代种地。他没钱买纸笔，就替人抄书，抄完一部，书也背下来了。｜演义里，赤壁战前，黄盖要诈降，他揣着降书划小船过江，见了曹操。曹操看出破绽，喝令推出去斩了，他仰天大笑。曹操问他笑什么，他笑曹操不识机谋，把信里的疑点一条条讲圆，曹操反倒给他赔了礼。
虞翻	会稽余姚人，注过《易》。｜于禁降了关羽，后来又到了东吴。孙权出行，让于禁和自己并马，虞翻上前喝道：「尔降虏，何敢与吾君齐马首乎！」举鞭就要抽。｜孙权称吴王后大宴群臣，亲自劝酒，虞翻趴在地上装醉，孙权一走他又坐了起来。孙权拔剑要杀他，旁人死死抱住。后来他终究流放到了交州。他在交州继续讲学著述，最终在那里去世。
陆凯	吴郡吴县人，陆逊的族侄。孙皓在位时他做丞相。｜孙皓要把都城迁到武昌，扬州百姓逆流供应，苦不堪言。陆凯上疏，引了当时的童谣：「宁饮建业水，不食武昌鱼；宁还建业死，不止武昌居。」｜孙皓不许臣下直视他，陆凯请求：君臣不相识，一旦有事，都不知该往哪边跑。孙皓准了他一个人看。陆凯晚年仍上疏劝谏孙皓，忧虑吴国政局，去世后这些建议也未能挽救国运。
周鲂	吴郡阳羡人，在鄱阳做太守。孙权要引魏将曹休南下，让他诈降。他连写七封密信给曹休，说郡里的山民要反。｜曹休将信将疑。朝廷派人来郡里责问，周鲂就在郡衙门口剪下头发谢罪。消息传到北边，曹休信了，领十万人进了皖城。｜陆逊在石亭等着。曹休大败而回，不久背上生疮，死在路上。
徐氏	孙权弟弟孙翊的妻子，擅长占卜。｜孙翊让部将妫览、戴员杀了，妫览要娶她。她推托等到月末祭完亡夫、脱了孝服再成亲，暗中找了孙翊的旧将孙高、傅婴。｜到了那天，她换上新衣，熏了香，言笑如常。妫览进门，她大喊一声，孙高、傅婴冲出来砍倒了他。她重新穿上孝服，提着妫览、戴员的头去祭了孙翊的墓。
吕范	汝南细阳人，长得体面。同县刘家想把女儿嫁他，刘母嫌他穷，刘家主人道：「观吕子衡宁当久贫者邪？」婚事就成了。｜孙策那时军纪松散，他请求做都督，脱了长袍换上短衣，拿着马鞭到营门站岗。孙策这才把军务交给他。｜孙权年少时私下向他要钱，他每次都先报告孙策。孙权当时恨他，后来最信他。
顾雍	吴郡吴县人，年轻时跟蔡邕学琴学书。他不喝酒，话少。宴席上人人怕酒后失态落在他眼里，孙权也道：「顾公在坐，使人不乐。」｜他做了十九年丞相。儿子顾邵死在豫章太守任上，消息传来时他正和僚属下棋，脸色没变，指甲掐进掌心，血流到了褥子上。这件事表现了他的克制；顾雍长期主持吴国政务，晚年在丞相任上去世。
张纮	广陵人，在京城太学读过书。孙策在江东起事，他和张昭一道辅佐，孙策出征，常让一人留守，一人随行。｜陈琳在北方写了赋文，张纮去信称赞。陈琳回信：「今景兴在此，足下与子布在彼，所谓小巫见大巫，神气尽矣。」｜他劝孙权把治所迁到秣陵，就是后来的建业。临终前他还在枕上写信给孙权。孙权采纳了迁治秣陵的建议；张纮未及亲见后来吴国建业称帝的局面。
大乔	庐江皖县乔公的长女，史书里写作桥。建安四年孙策打下皖城，得了乔公两个女儿，姐姐他自己纳了，妹妹给了周瑜。｜第二年春天，孙策出城打猎，一个人跑在前头，让许贡的门客射中了脸。他把印绶交给孙权，当夜就死了。｜现存记载没有明确交代大乔此后的生活与卒年。
吴国太	演义里孙坚的次妻，吴夫人的妹妹，孙权待她如亲娘。｜周瑜设计，拿孙权的妹妹做诱饵，把刘备骗到江东。消息传到她耳朵里，她把孙权叫来，哭着骂了一顿。｜第二天她在甘露寺亲自相看刘备，看完对乔国老道：「真吾婿也！」刘备跪下哭诉廊下埋着刀斧手，她当场把孙权喝斥了。这是演义中促成孙刘婚姻的重要情节，书中未详她的最终结局。
张宝	张角的弟弟，号地公将军。｜演义里刘备随朱儁攻他，他在阵上披发仗剑作法，风雷大作，黑气里像有无数人马杀来。第二天刘备在山头埋伏，备了猪羊狗血，等他再作法，一齐泼下，纸人草马纷纷落地。｜演义接着写，他退进阳城，部将严政刺杀了他，提着首级出城投降。
张梁	张角的三弟，号人公将军。｜张角病死后，他守着广宗和皇甫嵩对峙。皇甫嵩闭营休兵，等黄巾兵松懈了，半夜整军，鸡叫时出击，一直打到下午，阵斩张梁，砍下三万颗首级，五万多人跳河淹死。｜皇甫嵩又挖开张角的棺材，砍下头送往京师。
管亥	北海一带的黄巾头目，带着几万人把孔融围在都昌。｜太史慈受孔融之托，单骑冲出重围，到平原向刘备求救。刘备带着关羽、张飞赶来。｜演义里，管亥拍马出阵，和关羽交手几十回合，关羽一刀把他劈下马。
张燕	常山真定人，本姓褚。他身手快，军中叫他「飞燕」。｜他跟着张牛角起事，张牛角中箭，临死让部下拥他为首，他就改姓了张。黑山一带的山头都归到他手下，号称百万。｜他和袁绍在常山打了十几天，吕布替袁绍领着几十骑冲他的营。后来曹操打到冀州，他带着十多万人投了曹操，封安国亭侯。
祝融	演义中，祝融是孟获的妻子，自称祝融氏之后，擅使飞刀。｜孟获屡次战败，她披挂上马，一刀飞中张嶷，把他活捉回洞，又擒了马忠。｜第二天蜀军诱她追赶，她追进山路，伏兵拉起绊马索，连人带马掀翻。诸葛亮拿她换回了张嶷和马忠。孟获最终归服后，祝融随之回到南中。
沙摩柯	武陵五溪的蛮王，脸红得像泼了血，碧眼，使铁蒺藜骨朵，腰带两张弓。｜刘备伐吴，他带着蛮兵出山助战。演义另写，甘宁带病出战，他一箭射中甘宁的头，甘宁带箭逃到富池口，死在一棵大树下，树上几百只乌鸦围着尸首盘旋。｜夷陵火起，他在乱军中撞上周泰，没几合就让周泰斩了。
兀突骨	演义中，兀突骨是乌戈国的国主，身高一丈二尺，不吃五谷，拿生蛇恶兽当饭。手下三万兵穿藤甲，藤条在油里泡半年，晒干再泡，刀箭扎不透，过江不沉。｜孟获请他出洞，蜀兵连败几阵。魏延一路诈败，把他引进盘蛇谷。谷口滚下木石，车里的火药点着，满谷藤甲沾火就烧。兀突骨与藤甲军葬身火海，诸葛亮也为死伤惨重而落泪。
木鹿大王	演义中，木鹿大王是八纳洞的洞主，骑白象，身挂金珠璎珞，腰里两口大刀。出阵时他念咒摇铃，狂风一起，虎豹豺狼、毒蛇恶蝎从阵后冲出来，蜀兵退了一阵。｜第二回诸葛亮推出几十辆车，车上是木头刻的巨兽，口里喷火，鼻孔冒烟。真兽掉头往回跑，踩翻了自家的洞兵。木鹿大王死在乱军里。
朵思大王	演义中，朵思大王是秃龙洞的洞主，孟获兵败来投他。他告诉孟获，进洞只有两条路，一条让木石堵了，另一条上有四口毒泉：哑泉、灭泉、黑泉、柔泉。喝了哑泉的水，人就开不了口，不过十天必死。｜蜀兵果然喝了哑泉。朵思在洞里摆酒，等着蜀兵自己死光。后来有个隐者给诸葛亮指了万安溪的水，蜀军全好了，继续向秃龙洞进军，毒泉阻敌的计划由此失败。演义后来写朵思守三江城，城破时战死。
越吉元帅	演义中，越吉元帅是西羌国王彻里吉手下的元帅。羌兵把车用铁叶裹了，钉上钉子，骆驼骡马拉着，车里装粮草器械，叫铁车兵。｜魏国请羌兵攻蜀，关兴、张苞头一阵大败。诸葛亮赶到时正下大雪，他在营前挖坑，面上铺土，引铁车追过来。车一辆接一辆栽进坑里，后面的收不住。越吉往山谷里逃，迎面撞上关兴，交手一合，被关兴斩杀。
蹋顿	辽西乌桓人，单于丘力居的侄子。丘力居死时儿子楼班还小，三部乌桓都归蹋顿管。袁绍跟他结亲，送去单于印绶。｜袁绍死后，袁尚、袁熙兄弟逃到他那里。建安十二年，曹军出卢龙塞，在荒山里走了五百多里，到白狼山下撞上乌桓骑兵。张辽打头冲下山，乌桓阵脚一乱，蹋顿的头就让人砍了。
轲比能	鲜卑小种出身，打仗勇猛，分东西公平，不贪财物，部众推他做了大人。河北大乱，汉人逃到塞外投他，教鲜卑人造兵器铠甲，还教认字。｜他的部落越来越强，控弦十余万骑，魏国北边几任刺史都拿他没办法。青龙三年，幽州刺史王雄派了剑客韩龙过去。轲比能一死，鲜卑各部就散了。
公孙渊	辽东公孙家的第三代，从叔父公孙恭手里夺了位子。孙权派使者渡海来封他燕王，他砍了使者的头送到洛阳。几年后，他自己称了燕王。｜景初二年，司马懿围了襄平，城里粮尽，人吃人。他派人出城，愿送儿子做人质。司马懿回话：「军事大要有五，能战当战，不能战当守，不能守当走，余二事惟有降与死耳。」城破后，公孙渊父子突围失败，被魏军斩杀。
花鬘	孟获和祝融夫人的女儿。《三国演义》里没有她，她的名字只在民间唱本和戏文里。｜诸葛亮南征，她叔叔孟优带人诈降，让诸葛亮一坛药酒灌倒，捆了个结实。关羽的儿子关索跟着蜀军到了南中。民间传下来的说法是，孟获归顺之后，她嫁了关索。
普净	演义中，普净是蒲东人，和关羽的家乡只隔一条河。在汜水关镇国寺出家。关羽过关那天，守将卞喜在寺里埋下刀斧手。普净敬茶时拿眼色示意，又把戒刀提了一提。｜后来他在当阳玉泉山搭了间草庵。一天夜里，半空有人喊「还我头来」。普净拿麈尾一击门户：「云长安在？」又问他，颜良、文丑、五关六将的头，该向谁去讨？演义借这次劝解写关羽英魂止怨，普净的主要情节也到此收束。
侯成	吕布手下的将领。演义里，他丢了十五匹马，又亲自追了回来，众将来道贺，他酿了酒，先抬去献给吕布。吕布正下了禁酒令，打了他五十背花。｜当夜他盗出赤兔马，投了曹营。演义以盗马降曹写他的结局；史书则记他与宋宪、魏续共同倒戈，导致吕布被擒。
宋宪	吕布的部将。演义里，下邳城里，吕布守着白门楼打盹，宋宪和魏续先偷走方天画戟，再拿绳子把他捆了。｜到了曹营，他跟着出征白马。颜良在阵前叫战，宋宪应声出马，没过三合，头就掉了。
魏续	吕布的内亲。高顺带的陷阵营七百人，攻无不破，吕布却把这支兵交给魏续带，打仗时才还给高顺。｜演义里，后来他随曹军到白马，宋宪死在颜良刀下，他在阵后喊：「杀我同伴，愿去报仇！」出马一合，也倒在同一口刀下。
张勋	袁术称帝，拜他做大将军。他领着七路兵去打徐州，路上韩暹、杨奉倒了戈，吕布从阵中杀过来，七路兵全散了。｜袁术死后，他和长史杨弘带着部众想去投孙策，走到半路，全让庐江太守刘勋截下了。这次投奔未成，张勋此后的去向缺乏明确记载。
桥蕤	演义中，桥蕤是袁术手下的大将，攻徐州的七路兵里，第二路是他。｜同一年曹操南下，袁术派他领五万人打头阵，在寿春边上迎住夏侯惇。两人交手不到三合，夏侯惇一枪刺他下马。
张济	武威人，董卓部将。董卓死后，他和李傕、郭汜、樊稠一起打进长安。｜关中闹饥荒，他从弘农带兵南下找粮，去打刘表的穰城，城下中了流箭。刘表的部下来道贺，刘表不受。他的兵马归了侄子张绣。
樊稠	董卓部将。马腾、韩遂打长安，他追韩遂追到陈仓。韩遂隔阵喊话，两人算是凉州同乡，就并马交臂，笑谈了好一阵，樊稠放他走了。｜李傕的侄子把这事告了上去。第二年李傕请他议事，就在席上叫人动了手。樊稠因此被杀，凉州诸将之间的猜忌进一步加深。
牛辅	董卓的女婿。见客之前，他先叫相士看来人有没有反相，再卜一卦，吉了才见，身边总摆着斧锧。｜董卓死后，一夜营中有兵逃跑，他以为全营都反了，揣上金银，带着胡赤儿几个人翻墙过河。胡赤儿砍下他的头，送去了长安。
张允	演义中，张允是刘表的外甥，和蔡瑁一起劝刘琮降了曹操，曹操让他们俩管荆州水军。｜蒋干过江回来，袖里揣着一封信，信上是蔡瑁、张允的名字，要取曹操首级献给周瑜。曹操把二人推出去斩了，头送上来，他才回过神：「吾中计矣！」
泠苞	演义中，泠苞是刘璋手下的将领，在雒城一带抵挡刘备。头一回让魏延活捉，刘备放了他，他回去就翻了脸。｜过了几天，他带五千人扛着锄头，要掘开涪江灌刘备的营寨。魏延早在江边等着，又把他拿了。这回刘备将他处死。
邓贤	演义中，邓贤是刘璋手下的将领，和泠苞在雒城前面扎了两座寨。｜魏延抢功，夜里来劫寨，反让邓贤追上。魏延的马失了前蹄，邓贤挺枪赶到，正要刺下去，山坡上飞来一箭，把他射下马来。放箭的是黄忠。
刘璝	演义中，刘璝是刘璋手下的将领。刘璋派他和泠苞、张任、邓贤去涪县抵挡刘备，几路都败了，退进雒城。｜庞统死在雒城外，张任出城让刘备擒去，刘璝还在城上守着。城里的张翼拔刀砍倒了他，开门投降。
鲍信	泰山平阳人。董卓刚进京，他劝袁绍趁对方人马疲惫先动手，袁绍不肯，他带兵回了泰山。｜后来黄巾入兖州，他在寿张拼死一战，尸首没找回来。曹操叫人照他的样子刻了个木像，对着木像哭。
张邈	陈留太守，和袁绍、曹操都是朋友。曹操出征陶谦前嘱咐家人：「我若不还，往依孟卓。」｜第二次东征时，陈宫来劝，张邈打开城门迎进了吕布。后来他去淮南找袁术求救，死在自己部下手里。
王匡	河内太守，讨董时屯兵河阳津。董卓派执金吾胡母班来劝和，胡母班是王匡的妹夫，王匡把他下了狱，杀了。｜董卓在平阴摆出要渡河的样子，暗地派精兵从小平津绕到他背后，王匡的兵几乎死光。王匡后来重新聚兵，最终被胡母班亲属与曹操合兵杀害。
刘岱	兖州刺史，刘繇的哥哥。联军屯在酸枣，他和东郡太守桥瑁合不来，把桥瑁杀了。｜青州黄巾打进兖州，鲍信劝他闭城坚守，等贼粮尽自散。刘岱没听，出城去打，兵败战死。
何进	南阳人，家里杀猪出身，妹妹进宫做了皇后，他当上大将军。｜他想杀宦官，太后不许，就召外地兵马进京吓唬太后。他进宫去见妹妹，走到嘉德殿前，张让领人从里面出来，尚方监渠穆拔剑砍了下去。何进当场遇害，诛宦官的计划转成宫廷混战，也给董卓入京创造了机会。
伏皇后	献帝东归，李傕、郭汜在后面追。她抱着几匹绢，董承派人持刀来抢，杀了侍者，血溅了她一身。｜后来她给父亲写信，要对付曹操，事情泄了。华歆带兵进宫，把她从夹墙里拖出来。她光着脚走过献帝面前：「不能复相活邪？」献帝无力相救，伏皇后随后遇害，伏氏家族也遭到诛杀。
韩浩	河内人。夏侯惇让几个假降的兵劫作人质，营中大乱。韩浩带兵围住，喝道：「汝等凶逆，乃敢执劫大将军，复欲望生邪！」又对夏侯惇流泪：「当奈国法何！」下令进攻。｜曹操随后下令：往后有劫人质的，连人质一起打。劫持者随即求降，夏侯惇获救；韩浩后来又参与屯田建议。
史涣	沛国人，年轻时好行侠。曹操起兵，他以宾客身份跟着，做中军校尉，替曹操管着诸将。｜官渡相持，袁绍的运粮车几千辆往前线送。史涣和徐晃带兵半道截住，一把火全烧了。这次截粮削弱了袁军补给；史涣后来继续为曹操领兵。
牛金	曹仁的部将。周瑜攻江陵，他带三百人出城，一出去就让人围了。曹仁披甲上马，带几十骑冲进去把他捞了回来。｜后出的杂史故事另称，多年后司马懿听到一句谶语「牛继马后」，请牛金喝酒，壶里分两格，给他倒的是毒酒那格。
朱灵	清河人，本是袁绍的将领。袁绍派他带三营兵帮曹操打陶谦，仗打完，他留下没走：「灵观人多矣，无若曹公者，此乃真明主也。」｜后来曹操派于禁带几十骑，拿着手令进营夺了他的兵，营里没人敢动。朱灵此后仍在曹魏任职，官至后将军。
曹昂	曹操的长子，生母早亡，由丁夫人养大。｜宛城那夜张绣反了，曹操的坐骑绝影脸上、脚上都中了箭。曹昂把自己的马让给父亲，留在了后头。｜丁夫人后来整日哭：「将我儿杀之，都不复念！」曹昂在这场兵变中遇害，曹操得以逃出宛城。
夏侯恩	演义中，夏侯恩是曹操身边背剑的。曹操有两口宝剑，倚天自己佩着，青釭交给他背。｜长坂坡上，他仗着这口剑，只带十几个人四处抢东西。赵云迎面撞来，一枪把他挑下马，拔剑一看，靶上用金嵌着「青釭」二字。
吕虔	任城人，在泰山当了十几年太守。他有口佩刀，相刀的匠人看过，要位至三公的人才佩得住。吕虔把刀送给了手下的别驾王祥。｜后来王祥真做到了三公，临死又把刀传给弟弟王览。
蔡阳	演义中，蔡阳是曹操手下的将领，关羽在黄河渡口杀的秦琪是他外甥。他追到古城，要替外甥报仇。｜张飞在城上不开门，要关羽先斩了来将，亲自擂鼓，三通为限。第一通还没擂完，蔡阳的头已经落地。
车胄	演义中，车胄是曹操派到徐州的刺史。曹操密令他除掉刘备，陈登把消息透给了关羽。｜当夜关羽带兵打着曹军旗号来叫城，自称张辽。车胄出城迎接，看清来人时，关羽的刀已经到了。
秦琪	演义中，秦琪是夏侯惇的部将，守黄河渡口。关羽连过四关走到这里要船，秦琪问他要文书：「你便插翅，也飞不过去！」｜关羽拍马上前，只一合，秦琪的头落了地。渡口的兵把船撑了过来。
王凌	王允的侄子，王允遇害那年，他翻城墙逃回了太原。｜晚年他镇守淮南，想改立楚王曹彪。司马懿大军突然开到，他自缚出降。押往洛阳路过贾逵庙，他冲庙门大喊：「贾梁道！王凌固忠于魏之社稷者，唯尔有神，知之。」王凌在押送途中自尽，谋立曹彪之事也彻底失败。
毌丘俭	河东闻喜人。他带兵攻下高句丽的丸都城，在山上刻石记功，这块碑后来在集安挖了出来。｜司马师废了曹芳，他和文钦在寿春起兵。兵败后他独自南逃，藏在河边草丛里，一个叫张属的平民放箭射死了他。
诸葛诞	诸葛亮的族弟。当时有句话：「蜀得其龙，吴得其虎，魏得其狗。」｜他在寿春起兵，城破身死。帐下几百个亲兵拱手站成一排，不肯投降。每杀一个就问下一个降不降，个个都答：「为诸葛公死，不恨。」
文钦	谯郡人，曹爽的同乡。他随毌丘俭起兵，约好和儿子文鸯两路夜袭司马师大营。文鸯在营外擂鼓呼喊了一夜，文钦的兵始终没到。｜他逃去吴国，后来又随吴军进了寿春，城里粮尽，诸葛诞把他杀了。
田豫	渔阳雍奴人。年少时跟过刘备，刘备做了豫州刺史，他以母亲年老辞归。刘备哭着送他：「恨不与君共成大业也。」｜晚年他上书请退：「钟鸣漏尽而夜行不休，是罪人也。」他后来退居养老，死后仍为边地百姓所怀念。
王经	清河人，庄户人家出身，官做到二千石，母亲劝他到此为止，他没听。｜曹髦要带宿卫去打司马昭，王沈、王业跑去报信，王经没去。临刑前他向母亲叩头，母亲笑道：「人谁不死，但恐不得其所。以此并命，何恨之有！」
韩龙	幽州刺史王雄手下的剑客。青龙三年，王雄派他进了鲜卑，轲比能死在他手里。｜现存史料只简要记下这次刺杀，没有交代行动细节与他后来的结局。
毛玠	陈留平丘人。曹操刚占兖州时，他进言：「宜奉天子以令不臣，修耕植，畜军资。」｜后来他在东曹管选官，朝中大官不敢穿新衣、坐好车，有人特意穿破衣去见他。崔琰死后，有人告他说了怨话，下狱后免官回了家。
董昭	董昭字公仁，济阴定陶人，参与曹操迎奉天子与军政谋划。天子回到洛阳，宫室烧光了，百官自己出去挖野菜。董昭给曹操出主意：先放话去鲁阳就粮，半路转去许县。｜樊城被围时，孙权来信要偷袭关羽，他主张把信射进两边营里，让关羽和曹仁都看到。
蒋济	楚国平阿人。孙权围合肥，救兵迟迟不来，他写了封假信，称四万步骑已到雩娄，派三路信使送去，两路故意落进孙权手里。孙权烧了营就走。｜高平陵那年，他写信担保曹爽只会免官。曹爽满门被诛，他当年发病，不久去世。
糜芳	糜竺的弟弟。｜守江陵时，关羽嫌他军资供应不上，放话回来要治他。吕蒙兵到，他开了城门。｜在吴国坐船撞上虞翻，他的人喊着让路。虞翻骂：「失忠与信，何以事君？」他关上舱门，让自己的船先躲了。史书没有明确交代糜芳的最终结局；演义另写他在刘备东征时返蜀请罪，被处死。
傅士仁	守公安，关羽出征时供应不力，挨过斥责。吕蒙兵到，虞翻在城外写信给他，他读完就降了，又领着吴兵去江陵劝糜芳。｜演义里刘备东征，他和糜芳砍了马忠的头来投。刘备不收，让关兴在关羽灵前把两人杀了。
孟达	扶风人，字子度。｜关羽在襄樊求援，他和刘封推说山郡刚附，不肯发兵。关羽死后他降了魏，曹丕拉他同乘一辆车。｜曹丕死后，诸葛亮来信，他又动了心。司马懿八天赶了一千二百里，突至新城城下。城破后孟达被杀，再次易主的计划失败。
吴班	吴懿的族弟，父亲吴匡是何进的部将。｜刘备伐吴，派他领几千人在平地扎营挑战，想把吴军引出来。陆逊按住诸将：「此必有谲，且观之。」｜建兴九年卤城一战，他和魏延、高翔迎击司马懿，斩首三千。他后来官至骠骑将军，封绵竹侯。
马忠	巴西阆中人，小时候养在外家，姓狐，名笃，后来才改回马姓。｜猇亭兵败，他从巴西带五千人来补。刘备和他谈过，对刘巴感叹：「虽亡黄权，复得狐笃。」｜他在南中做庲降都督多年，死后当地夷人给他立了庙。
雷铜	刘备手下的将领。建安二十三年刘备进兵汉中，分派他和吴兰进武都。｜曹洪的兵打过来，雷铜在战事中遇害。现存记载较简略，没有完整交代他的作战经过。
吴兰	刘备的将领。建安二十三年进驻下辩，张飞、马超也在那一路。张飞扬言要断曹军后路，曹休看穿是虚张声势，曹洪便直扑吴兰。｜吴兰逃进氐人地界，阴平氐帅强端砍了他的头，送给曹操。
高翔	演义里诸葛亮出祁山，派他去守列柳城，和街亭互为犄角。马谡丢了街亭，他那边也没守住。｜正史上，建兴九年在卤城，他和魏延、吴班一齐出战，把司马懿的兵打回营里，斩首三千。
陈式	汉中之战，他领十几营人马去截马鸣阁道。徐晃杀过来，他的兵慌不择路，不少人跳进山谷摔死。｜建兴七年，诸葛亮派他取武都、阴平。郭淮来救，诸葛亮亲自出兵建威，郭淮退了回去，两郡就此拿下。陈式由此完成夺取武都、阴平的任务。
句扶	巴西汉昌人，王平的同乡。王平传后面捎了他几句：忠勇宽厚，屡有战功，名位只比王平低一点。｜官做到左将军，封宕渠侯。现存记载未详其晚年与卒年。
向宠	向朗的侄子。猇亭那一仗，各营都溃了，只有他那一营人马完整退了回来。｜诸葛亮出汉中前上表，特地点他的名：「性行淑均，晓畅军事。」营中的事，都要后主去问他。｜延熙三年，他领兵去打汉嘉的蛮夷，在战斗中遇害。
阎宇	南郡人，做事勤快，在南中接了马忠的位子，后来升到右大将军。｜黄皓和他交好，想让他替掉姜维。姜维不敢回成都，求去沓中种麦。｜魏军入蜀那年，他在巴东，领兵西援，留罗宪守永安。现存记载没有明确交代他西援之后的结局。
王甫	演义中，王甫是关羽北伐前，他劝关羽别让潘濬管江陵的粮草，换赵累去。关羽没听。｜后来随关羽困在麦城。关羽要走小路出城，他拦着：「小路有埋伏，可走大路。」｜关羽父子的首级传到城下，他大叫一声，从城头跳了下去。
赵累	关羽军中的都督。演义里王甫举荐他替潘濬管粮草，关羽没答应。｜建安二十四年十二月，关羽从麦城出走，到了章乡，潘璋的司马马忠截住了路。一起被捉的，有关羽、关平，还有他。现存史料没有单独记下赵累被擒后的处置，不能据关羽父子的结局替他补写。
黄权	黄权字公衡，巴西阆中人，先仕刘璋，后归刘备。刘备伐吴，他请命：「臣请为先驱以尝寇，陛下宜为后镇。」刘备不许，派他在江北防魏。｜猇亭兵败，回蜀的路断了，他领兵降了魏。有司请收押他的家小，刘备摆手：「孤负黄权，权不负孤也。」黄权此后在魏国任职，官至车骑将军，家属仍受到刘备保护。
马忠（吴）	演义中，马忠（吴）是潘璋手下的司马。关羽从麦城走小路往西川去，他在路边埋伏，绊马索一拉，关羽连人带马翻倒。｜孙权把赤兔马赏给了他，那马几天不吃草料，饿死了。｜刘备东征，糜芳、傅士仁半夜摸进他帐里，割了他的头去投蜀营。
谢旌	陆逊取了荆州往西打，派他和李异领三千人去攻蜀将詹晏、陈凤。李异带水军，他带步兵截住险要，詹晏败走，陈凤投降。｜后来文布、邓凯聚起夷兵作乱，也是他领兵去打散的。这些战事是他在荆州方向的主要记载，后来经历未详。
谭雄	只在演义里出现过。刘备东征，张苞在阵前追杀吴将，他从旁放了一支冷箭，射中张苞的马，张苞摔了下来。｜后来关兴把他拿住，押回蜀营斩了。
宋谦	演义中，宋谦是跟着孙权头一回打合肥。孙权出马要和张辽交手，他和贾华各使一杆方天画戟，护在两边。｜两军混战，他去追敌将，李典在张辽背后搭上箭，一箭正中心窝，他翻身落马。
贾华	演义中，贾华是甘露寺吴国太相女婿那天，廊下埋了刀斧手。刘备看见了，告到国太跟前。孙权推给吕范，吕范推给他。国太喝令推出去斩了，刘备劝婚宴上杀人不吉利，才饶了他。｜更早在合肥阵前，他和宋谦各使一杆戟，护在孙权两边。
周善	演义中，周善是孙权派他驾几十条船去荆州，带着假信，称吴国太病重，接孙夫人回去，还要她把阿斗一并抱上。｜船刚离岸，赵云追上来跳上船，从夫人怀里夺回阿斗。张飞的船横在江心，上船一剑，砍翻了他。
韩综	韩当的儿子。韩当一死，他怕从前的罪事发，趁出殡把父亲的灵柩和一家老小带过江，降了魏。｜此后他常领兵犯吴境，孙权提起他就咬牙。东兴一战魏军溃败，诸葛恪拿了他的首级，送到孙权庙前祭告。
孙翊	孙策的三弟，性子暴烈，很像他大哥。孙策临死，张昭一班人想让他接位，孙策把印绶给了孙权。｜二十岁做丹阳太守。一回宴请属下，他喝醉了，手边没带刀，边鸿从背后砍倒了他。孙翊当场遇害，妻子徐氏随后设计诛杀参与谋害他的妫览、戴员。
谷利	孙权身边的侍从。｜逍遥津那天，桥南的板子拆掉了一丈多。他在马后喊孙权抓牢鞍子、放松缰绳，自己一鞭抽下去，马跃过去了。｜后来孙权坐大船遇上大风，要往罗州，他拔刀对着舵工：「不取樊口者斩。」舵工依令转向樊口，船队才脱离险境。
孙静	孙坚的幼弟。孙坚起兵，他在家乡聚了五六百人守门户。｜孙策打会稽，王朗据城死守。他出主意：从查渎绕过去，打高迁屯。孙策照做，王朗溃走。｜孙策要给他官做，他恋着祖坟和宗族，不肯出来。
张温	吴郡人，出使蜀国。饯行宴上秦宓来得晚，他问：「君学乎？」接着问天有头吗、有耳朵吗，秦宓一句句引诗来答。｜回吴后他称赞蜀政，孙权不悦。又受暨艳一案牵连，罢官回乡，六年后病故。
薛综	薛综字敬文，沛郡竹邑人，是东吴学者与文臣。年轻时避乱到了交州。｜蜀使张奉在孙权席上拿阚泽的名字开玩笑，阚泽答不上。他起身敬酒：「有犬为獨，无犬为蜀，横目苟身，虫入其腹。」张奉反问吴字怎么讲，他应声就答：「无口为天，有口为吴。」
严畯	彭城人，避乱到江东，和诸葛瑾、步骘交好。｜鲁肃死后，孙权要他带一万兵去守陆口。他再三推辞：「朴素书生，不闲军事。」推到后来掉了泪。孙权只好另派了人。严畯后来主要从事文职，以谦退守分著称。
程秉	汝南人，跟郑玄读过书，后来避乱交州，在士燮手下做长史。｜孙权请他来做太子孙登的太傅。孙登娶周瑜的女儿，他去吴郡迎亲，路上跟孙登讲夫妇之道。孙登恭恭敬敬听着，应了下来。程秉此后继续以学者和太傅的身份教导太子。
是仪	北海营陵人，本来姓氏。孔融拿他的姓打趣：「氏」字是「民」字没了头，不如改成「是」。他就改了。｜吕壹告刁嘉诽谤朝政，旁人都怕吕壹，应承听到了，只有他答没听到。孙权一连几天追问，他不改口。刁嘉因此免于诬陷之罪，是仪也继续在吴国任职。
程远志	演义中，程远志是黄巾将领，带五万人马犯涿郡。｜两军在大兴山下摆开，副将邓茂先出马，张飞一矛刺中心窝。他拍马舞刀直取张飞，关羽纵马迎上来，一刀挥为两段。
波才	颍川的黄巾首领。朱儁先来，被他打退了。他接着围住长社，皇甫嵩守在城里。｜他的兵靠着草丛扎营。一天夜里起了大风，城里每人扎一把草，从城外绕出来放火，城头举火接应。黄巾营寨大乱，汉军乘势出击，波才军被击败。
孟优	演义中，孟优是孟获的弟弟。孟获第二回被放回去后，他领着一百多个蛮兵，抬着金珠宝贝进蜀营诈降，约好半夜里应外合。｜诸葛亮收了礼，摆酒款待，酒里下了药。孟获半夜杀进营来，只看见他和手下醉倒一地。这次诈降被识破，孟获再次落入蜀军之手；最终随兄长归服。
迷当大王	演义中，迷当大王是西羌的国王。姜维北伐，派人带金珠来结好，他发兵五万相助。｜半路中了郭淮的计，连人带马掉进陷坑，被活捉了。郭淮亲手给他松绑，好言放回，他掉头领着羌兵去打蜀营。
曹性	吕布的部将。郝萌半夜造反，他当场倒戈，郝萌刺伤了他，他砍断郝萌一条胳膊。吕布问同谋，他供出陈宫。｜演义里他暗放一箭，正中夏侯惇左眼。夏侯惇拔出箭，把眼珠吞了，挺枪直奔曹性，将他刺死。这一结局属于演义叙事。
郝萌	河内人，吕布的部将。建安元年六月半夜，他领兵攻进下邳府，吕布光着头，衣裳没穿好，拉着妻子从厕所边翻墙逃了。｜他攻不进内院，天亮退兵，部将曹性阻止叛乱，砍伤了郝萌，高顺随后将他斩杀。
雷薄	袁术的部将。袁术称帝后兵败粮尽，拉下脸去投他和陈兰，他们在灊山里，不肯接纳。｜演义里袁术的钱粮车过境，他和陈兰把车劫了。此后雷薄的经历记载有限，没有可靠的完整结局。
陈兰	袁术的部将，和雷薄守在灊山。｜后来他和梅成在灊、六一带起兵反曹。张辽追到天柱山，山高二十多里，小路只容一人。张辽领兵爬上去，斩了他。
杨昂	张鲁的部将。曹操打汉中，他和张卫在阳平关依山筑城十几里，曹操攻不上去，已经下令撤兵。｜那夜几千只野麋闯进张卫营，撤退的魏军又走错路，撞进营里擂鼓吹角。守军当夜溃散。这次兵败使阳平关失守，杨昂后来的结局记载不详。
杨任	张鲁的部将，和杨昂一起守阳平关。｜演义里他立了军令状，出关迎战夏侯渊。两人斗了几十回合，夏侯渊拖刀往回走，他追上去，夏侯渊回身一刀，砍他下马。
韩猛	袁绍的部将。荀攸看过他：「锐而轻敌。」｜官渡相持时，他押着几千车粮草过来。曹操派徐晃、史涣半路截住，粮车一把火烧了。这一战使袁军损失了重要补给，韩猛后来的经历未详。
蒋义渠	袁绍的部将，官渡时守在黎阳北岸。｜袁绍兵败，带着八百骑逃过河，进了他的营，拉着他的手：「孤以首领相付矣。」他把大帐让出来，请袁绍在里面发号施令。散掉的兵听到消息，又聚了回来。他帮助袁绍在败退后重新收拢部众，此后的经历未详。
邢道荣	演义中，邢道荣是零陵太守刘度手下的上将，使一柄开山大斧，自称万夫不当。｜阵前和张飞交手，没几回合拨马就走，又撞上赵云，被捉了回去。他答应回城做内应，当夜领兵来劫寨，赵云在路口等着，一枪刺在马下。
潘凤	演义中，潘凤是冀州牧韩馥帐下的将军，使一柄大斧。｜诸侯会盟讨董，华雄在关前连斩几员将，帐中没人出声。韩馥开口：「吾有上将潘凤，可斩华雄。」潘凤提斧上马出了营门。｜没过多久，探马飞报：潘凤又被华雄斩了。
俞涉	演义中，俞涉是袁术帐下的骁将。华雄在关前连斩几人，袁绍问谁敢出战，他从袁术身后站出来：「小将愿往。」｜袁绍很高兴，着他出马。营里的酒还没凉，探马就回来了：俞涉与华雄交手不到三合，便被斩杀。
武安国	演义中，武安国是北海太守孔融的部将，使一柄铁锤。虎牢关下吕布出阵，他飞马迎上去，斗了十来个回合。｜吕布一戟砍断他的手腕，锤掉在地上。八路诸侯的兵一齐冲出，才把他抢了回去。演义没有再交代他失去手腕后的去向。
李肃	演义中，李肃是吕布的同乡。他牵着赤兔马，带上黄金明珠去丁原营里找吕布，第二天丁原的人头就到了董卓帐下。｜后来他捧着假诏去郿坞，请董卓入朝受禅。车驾进了北掖门，吕布一戟刺中董卓咽喉，他上前割了首级。后来李肃受命讨牛辅，战败后被吕布处死。
董旻	董卓的弟弟，字叔颖。何进死在宫中那夜，他当奉车都尉，与何进旧部吴匡合兵，杀了车骑将军何苗。｜董卓掌权，他升到左将军，封鄠侯。董卓死在长安，皇甫嵩领兵攻入郿坞，董旻与董氏族人一同被杀。
穆顺	演义中，穆顺是上党太守张杨帐下的将。吕布在虎牢关前搦战，他挺枪出了阵。｜两马只一个照面，吕布一戟，他就落在马下。北海的武安国紧跟着冲了上去。
张让	颍川人，十常侍的头一个。汉灵帝常讲：「张常侍是我公，赵常侍是我母。」｜何进要诛宦官，他抢先在宫里杀了何进。袁绍领兵杀进宫，他劫着少帝逃到黄河边，追兵赶到，他哭着拜别天子，跳进了河里。
杨松	演义中，杨松是汉中张鲁的谋臣。诸葛亮派人给他送金银，他就在张鲁跟前讲马超要反；曹操送来一副金掩心甲，他又讲庞德收了曹操的钱。｜曹兵到了南郑，他开门放进来。曹操进城，叫人把他拉到街市上斩了。
王累	演义中，王累是广汉人，刘璋手下的从事。刘璋要迎刘备入川，他拿绳子把自己倒吊在城门上，一手执谏章，一手握剑。｜刘璋出城，看了谏章，没有理会。他挥剑割断绳子，头朝下摔在地上。
孔秀	演义中，孔秀驻守东岭关，手下五百兵。关羽护着两位嫂嫂到了关前，他要看丞相的文凭。关羽拿不出，他不放行，披挂上马杀下关来。｜只一个回合，关羽一刀砍了他。这是关羽过的头一道关。
韩福	演义中，韩福是洛阳太守。关羽过了东岭关往洛阳来，他在城门口摆开人马。｜孟坦出去诱敌，他躲在门边，一箭射中关羽左臂。关羽用口咬出箭头，血流不住，飞马冲到门下，一刀连头带肩把他劈了。
孟坦	演义中，孟坦是韩福手下的牙将。关羽到了洛阳，两人商量好，他出城挑战，佯败把关羽引到门下。｜他拨马往回跑，马不如赤兔快，关羽赶上一刀，把他砍成两段。
卞喜	演义中，卞喜是汜水关守将，使流星锤，从前是黄巾余党。他在关前镇国寺埋下刀斧手，请关羽进寺喝酒。｜寺里长老普净是关羽同乡，举起腰间戒刀，朝关羽递了个眼色。关羽喝破埋伏，卞喜抡锤打来，关羽一刀隔开，追上去砍了。
王植	演义中，王植是荥阳太守，韩福的亲家。关羽进城，他摆酒款待，安排住进馆驿，半夜叫从事胡班领兵去放火。｜胡班偷看关羽夜读，认出他是父亲胡华托信的那个人，把实情讲了。关羽连夜出城，王植举着火把追上来，关羽回马一刀砍了他。
夏侯杰	演义中，夏侯杰是曹操身边的将。长坂坡上，张飞一人一马立在当阳桥头，曹军不敢上前。｜张飞挺矛又喝一声：「战又不战，退又不退，却是何故！」喊声未落，夏侯杰肝胆碎裂，从马上倒栽下来。
曹安民	演义中，曹安民是曹操的侄子。宛城张绣投降，曹操喝醉了，问左右城里可有妓女，曹安民凑上去，提起张济的遗孀邹氏。｜张绣得知，夜里起兵。曹操骑着大宛马逃出，曹安民徒步跟在后头，乱军追上来，把他剁成了肉泥。
许仪	许褚的儿子。钟会伐蜀，派他在前头修路架桥。｜钟会骑马过桥，桥板一塌，马蹄陷了进去。钟会叫人把他拿下斩首，诸将提起许褚当年的功劳，钟会没理。
成济	太子舍人。甘露五年，皇帝曹髦带着宫中卫士杀向司马昭，贾充领兵在南阙下拦住。成济问怎么办，贾充答：「司马公畜养汝等，正为今日！」｜成济抽戈上前，刺穿曹髦胸口，刃从背后透出。事后司马昭拿他顶罪，夷了三族。
贾充	平阳襄陵人，父亲贾逵是魏国名臣。曹髦举兵那天，是他在南阙下督兵迎战。｜晋朝立国，他位列三公，把女儿贾南风嫁给太子司马衷。晋伐吴，他一路反对，吴国平了，他进宫请罪。他仍继续在晋朝任职，最终病逝。
范疆	演义中，范疆是张飞帐下的末将。张飞要替关羽报仇，限三天造齐白旗白甲。他和张达进帐求宽限，张飞把两人绑在树上，各打五十鞭。｜当夜张飞大醉，睡在帐中，两人入帐杀害张飞，带着首级投奔东吴。演义后来写二人被送回蜀营处死。
张达	张达是张飞帐下的部将。演义里，他与范疆受罚后潜入张飞的帐中。张飞睡觉不合眼，两人在床前站着不敢动，听见鼾声如雷，才一刀刺进他腹中。｜演义接着写，他们提着首级坐船投了东吴。刘备大军压境，孙权把二人绑了，连同张飞的首级送回蜀营，二人随后被处死。
马邈	演义中，马邈是守江油。邓艾的兵从阴平小道钻出来，他想着前头有姜维挡着，整日在家饮酒。｜妻子李氏听他要降，往他脸上啐了一口。他出城拜在邓艾马前，回到家里，李氏已经在房中自缢。
黄皓	宫中宦官，从黄门丞做到中常侍。姜维请杀他，刘禅回话：「皓趋走小臣耳。」叫黄皓去给姜维赔罪。｜钟会、邓艾出兵，姜维上表求援，他找巫师占了一卦，报称魏兵不会来。表章就压下了。蜀汉随后灭亡；关于黄皓的下场，史书与演义的说法不同。
樊建	义阳人，字长元。出使东吴，孙权问诸葛恪：「樊建何如宗预？」诸葛恪答他才识不及宗预，性情比宗预雅。｜入晋后，晋武帝问起诸葛亮治国，听完叹了口气。樊建趁机磕头，替邓艾喊了冤。晋武帝随后为邓艾家属恢复名誉，樊建的进言起了推动作用。
郤正	偃师人，本名纂，在蜀宫里管了三十年书，和黄皓隔壁住着，从没亲近过。｜刘禅东迁，他丢下妻儿随行。司马昭问刘禅思不思蜀，刘禅照他教的答了，司马昭笑：「何乃似郤正语邪！」他此后在晋朝任职，终于巴西太守任上。
刘禅	刘备的长子，小名阿斗。长坂坡乱军里，是赵云把他抱出来的。｜十七岁即位，国事交给诸葛亮。诸葛亮死后交给蒋琬、费祎，再往后，身边就剩黄皓了。邓艾偷渡阴平兵临成都，他听了谯周的话，把自己绑了，抬着棺材出城投降。｜到了洛阳，司马昭摆酒，席上演蜀地的歌舞，旁人看得落泪，他在那里笑。司马昭问他想不想蜀，他答：「此间乐，不思蜀。」刘禅此后以安乐公的身份在洛阳生活，最终病逝。
孙皓	孙权的孙子。宫中设宴，群臣每人以七升为限，喝不下的就往嘴里灌；他还剥人面皮，凿人眼睛。｜吴亡后到了洛阳，晋武帝指着一个座位：「朕设此座以待卿久矣。」孙皓答：「臣于南方，亦设此座以待陛下。」孙皓被封为归命侯，此后居于洛阳，吴国也就此结束。
岑昏	孙皓宠信的宦官。晋军顺江东下，他出主意在江里横铁索、打铁锥，拦截晋船。｜王濬烧断铁索，船队一路下来。殿上几百人跪着请杀岑昏，孙皓点了头，众人冲进宫去把他剁碎了。
万彧	做过乌程令，和当时的乌程侯孙皓交好。孙休死后，他在濮阳兴、张布面前一再夸孙皓，孙皓这才当上皇帝。｜后来他做到右丞相。孙皓宴上赐他毒酒，倒酒的人偷偷减了分量，他没死成。几年后又挨了斥责，忧惧而终。
张悌	襄阳人，孙皓最后一任丞相。晋军南下，他领着沈莹、诸葛靓渡江迎战。｜兵败，诸葛靓来拉他走，他流着泪不动：「仲思，今日是我死日也。」诸葛靓走出百余步回头，晋兵已经围了上去，张悌最终战死，吴国不久后灭亡。
沈莹	吴国的丹阳太守，手下五千刀盾兵，人称青巾兵，攻破过不少坚阵。｜太康元年随张悌渡江，他领青巾兵冲晋军阵，冲了三次，晋阵不动。他下令后撤，兵一退就乱了，晋将薛胜、蒋班追击，沈莹兵败被杀。
邓茂	演义中的邓茂是黄巾将领程远志的副将。五万黄巾扑向涿郡，刘关张领着五百人在大兴山下迎住。｜他挺枪出阵，张飞挺起丈八蛇矛，一矛刺中他心窝，他翻身落马。程远志拍马舞刀来战，关羽迎了上去。
韩忠	演义中，韩忠是宛城黄巾的头领。朱儁围城，他派人出来求降，朱儁不许：「若容其降，无以劝善。」｜刘备献计，撤开东南，猛攻西北。韩忠果然弃城往东南跑，刘备兄弟领兵截住掩杀，乱箭把他射死了。
赵弘	演义中，赵弘是黄巾余党。韩忠死后，他和孙仲收拾残兵，又占了宛城。｜朱儁再来攻城，孙坚头一个爬上城头，连杀二十多人。赵弘挺槊直冲过来，孙坚夺过他手里的槊，反手把他刺下了马。
孙仲	演义中，孙仲是跟着赵弘守宛城的黄巾头目。孙坚上城杀了赵弘，城里乱成一团。｜他引着残兵从北门冲出，正撞上刘备。他只顾逃命，刘备拉弓一箭，他翻身栽下马来。
严政	演义中，严政是地公将军张宝帐下的将。张宝在阳城被朱儁围住，城外攻得一天比一天紧。｜城里撑不下去，严政摸到张宝身后，一刀把他刺死，割下首级，开城投降。
裴元绍	演义中，裴元绍是黄巾余党，和周仓一起占着卧牛山。周仓跟着关羽走了，他留在山上。｜后来有个汉子单枪匹马从山下过，他看中那匹马，带人去抢。那人是赵云，一枪把他刺死，占了他的山寨。
带来洞主	演义中，带来洞主是祝融夫人的弟弟，孟获的妻弟。孟获屡败，他出主意去请八纳洞木鹿大王，那人会驱使虎豹豺狼。｜后来他又献计诈降，绑着孟获去见诸葛亮，各人身上藏着刀。进了大寨，两边壮士齐出，一个个都拿下了。
忙牙长	演义中，忙牙长是孟获手下的大将，使一口截头大刀，骑一匹黄骠马。｜马岱渡过泸水，截了蛮兵的粮道。孟获派他去夺，两马相交只一个回合，马岱一刀把他砍下马去。
金环三结	演义中，金环三结是南中三洞元帅之一，孟获起兵，他领五万蛮兵守中路。｜赵云、魏延趁夜劫寨，他慌忙出迎，赵云一枪把他刺于马下，割了首级回营。
董荼那	演义中，董荼那是三洞元帅之一。头一仗就让蜀军捉了，诸葛亮给他酒食，放了回去。｜孟获逼他再去交战，阵前马岱骂他忘恩，他红着脸退了回来，挨了孟获一百大棍。当天夜里，他和阿会喃趁孟获酒醉，把他绑了送往蜀营。孟获再度获释后，诱杀了董荼那与阿会喃。
阿会喃	演义中，阿会喃是三洞元帅之一，领五万蛮兵守一路。蜀军劫寨，他往山谷里逃，撞进伏兵手里，诸葛亮给了酒饭放回去。｜后来他跟董荼那绑了孟获献给诸葛亮。孟获回洞，请两人到帐中议事，席上叫人杀了，尸首扔进山涧。
徹里吉	演义中，徹里吉是西羌国王。曹真派人带着金珠厚礼来求援，他派丞相雅丹、元帅越吉领着铁车兵东进。｜天降大雪，铁车兵追进诸葛亮挖好的陷坑。雅丹被擒，诸葛亮放了回去，托他带话：蜀汉与羌人本来无仇。羌军退回本国，这次援魏攻蜀未能成功。
