名	成员	属性	满值	类别	说明
桃园结义	刘备 关羽 张飞	def	8	正经	
五虎上将	关羽 张飞 赵云 马超 黄忠	atk	8	正经	
卧龙凤雏	诸葛亮 庞统	int	10	正经	
三顾茅庐	刘备 诸葛亮 徐庶	int	6	正经	
关家将	关羽 关平 关兴 关索 关银屏	atk	8	正经	
虎父犬子	张飞 张苞	atk	6	正经	
二小将	关兴 张苞	atk	6	正经	
西凉马氏	马腾 马超 马岱 马云禄	agi	8	正经	
季汉四相	诸葛亮 蒋琬 费祎 董允	int	8	正经	
北伐诸将	姜维 王平 廖化 张翼 张嶷 夏侯霸	def	6	正经	
荆州旧部	关羽 关平 周仓 廖化 王甫 赵累	def	6	正经	
白毦亲兵	刘备 陈到	def	6	正经	
元从	刘备 简雍 孙乾 糜竺	int	6	正经	
糜氏	糜竺 糜芳 糜夫人	def	4	正经	
益州旧臣	法正 张松 孟达 李严 吴懿 黄权	int	6	正经	
老当益壮	黄忠 严颜	atk	6	正经	
孙刘联姻	刘备 孙尚香	agi	6	正经	
诸葛夫妇	诸葛亮 黄月英	int	6	正经	
关索鲍三娘	关索 鲍三娘	atk	6	正经	
南中都督	马忠 张嶷 霍峻	def	6	正经	
五子良将	张辽 乐进 于禁 张郃 徐晃	def	8	正经	
曹氏宗亲	曹操 曹仁 曹洪 曹纯 曹休 曹真 曹彰 曹丕 曹昂	atk	6	正经	
夏侯宗亲	夏侯惇 夏侯渊 夏侯尚 夏侯霸 夏侯恩 夏侯杰	atk	6	正经	
魏武谋主	荀彧 荀攸 郭嘉 程昱 贾诩 戏志才	int	8	正经	
虎卫	典韦 许褚 许仪	def	8	正经	
虎豹骑	曹纯 曹休 曹真	agi	8	正经	
司马一门	司马懿 司马师 司马昭 张春华	int	8	正经	
二士争功	邓艾 钟会	agi	8	正经	
曹丕甄姬	曹丕 甄姬	int	6	正经	
淮南三叛	王凌 毌丘俭 诸葛诞 文钦 文鸯	atk	6	正经	
陇右守将	郭淮 郝昭 陈泰 王双	def	8	正经	
魏廷重臣	陈群 钟繇 华歆 王朗 满宠 刘晔	int	6	正经	
五关六将	孔秀 韩福 孟坦 卞喜 王植 秦琪	def	6	正经	
平吴	杜预 王濬 羊祜	def	6	正经	
江东四都督	周瑜 鲁肃 吕蒙 陆逊	int	8	正经	
孙氏父子	孙坚 孙策 孙权 孙翊 孙静	atk	6	正经	
江表虎臣	程普 黄盖 韩当 蒋钦 周泰 陈武 董袭 甘宁 凌统 徐盛 潘璋 丁奉	atk	8	正经	
孙郎周郎	孙策 周瑜 大乔 小乔	agi	8	正经	
江东二张	张昭 张纮	int	8	正经	
甘凌释怨	甘宁 凌统	atk	6	正经	
吴郡陆氏	陆逊 陆抗 陆凯	int	6	正经	
吴国太	吴国太 孙权 孙尚香	def	6	正经	
吴郡朱氏	朱治 朱桓 朱然	def	6	正经	
羊陆之交	陆抗 羊祜	def	6	正经	
诸葛一门	诸葛亮 诸葛瑾 诸葛恪 诸葛瞻 诸葛诞	int	8	正经	
吴末	孙皓 岑昏 万彧 张悌 沈莹	def	4	正经	
连环计	王允 貂蝉 吕布 董卓	int	8	正经	
吕布帐下	吕布 高顺 陈宫 张辽 臧霸 侯成 宋宪 魏续 吕玲绮	atk	6	正经	
西凉军	董卓 李傕 郭汜 樊稠 张济 牛辅 华雄 徐荣 李儒	atk	6	正经	
河北四庭柱	颜良 文丑 张郃 高览	atk	8	正经	
河北谋士	田丰 沮授 审配 逢纪 郭图 许攸	int	6	正经	
四世三公	袁绍 袁术	def	6	正经	
西凉旧部	马腾 韩遂 阎行 庞德 马超	agi	6	正经	
白马义从	公孙瓒 赵云 田豫	agi	8	正经	
衣带诏	汉献帝 董承 伏皇后 吉平	def	6	正经	
讨黄巾三将	卢植 皇甫嵩 朱儁	def	8	正经	
荆州刘表	刘表 蔡瑁 蒯良 蒯越 黄祖 张允 文聘	def	6	正经	
益州刘璋	刘璋 张任 泠苞 邓贤 刘璝 王累 严颜	def	6	正经	
清流名士	孔融 祢衡 杨修 许劭	int	6	正经	
宦官	张让 蹇硕 黄皓 岑昏	int	4	玩笑	十常侍凑一桌，嘴比刀快
上将	潘凤 邢道荣 俞涉 武安国	atk	10	玩笑	「吾有上将潘凤」，一个比一个撑不过三合
煮酒论英雄	曹操 刘备	int	6	正经	
神医	华佗 吉平	int	6	正经	
方外	左慈 于吉 管辂 普净	int	8	正经	
天公将军	张角 张宝 张梁	int	8	正经	
黄巾余党	管亥 张燕 程远志 邓茂 波才 韩忠 赵弘 孙仲 裴元绍 严政	atk	6	正经	
孟获一家	孟获 祝融 孟优 花鬘 带来洞主	def	8	正经	
南中诸洞	兀突骨 木鹿大王 朵思大王 忙牙长 金环三结 董荼那 阿会喃 沙摩柯	atk	6	正经	
北地胡骑	蹋顿 轲比能 越吉元帅 迷当大王 徹里吉 阎柔	agi	6	正经	
巾帼	孙尚香 祝融 鲍三娘 关银屏 马云禄 王异 吕玲绮 花鬘	atk	6	正经	
三姓家奴	吕布 丁原 董卓	atk	10	玩笑	义父们都在场，吕布打得格外卖力
帐中行刺	范疆 张达	atk	10	玩笑	两人一对眼神，下手又准又狠
开门揖盗	糜芳 傅士仁	agi	10	玩笑	城门一开就跑，腿脚最利索
既生瑜何生亮	周瑜 诸葛亮	int	8	玩笑	较劲较出来的智谋
巾帼之辱	司马懿 诸葛亮	def	8	玩笑	收了女装也不出战，就是守得住
拔矢啖睛	夏侯惇 曹性	atk	10	玩笑	父精母血，不可弃也
逍遥津	张辽 孙权	agi	8	玩笑	一个追一个跑，都快
裸衣斗马超	许褚 马超	atk	8	玩笑	打到脱甲，谁也不让
鸡肋	曹操 杨修	int	6	玩笑	主公一开口，杨修就猜到了
阿瞒故交	曹操 许攸	int	6	玩笑	「阿瞒，无我何以得冀州」
失街亭	马谡 王平	def	8	玩笑	一个上山一个劝，劝的那个守得最稳
乐不思蜀	刘禅 郤正 谯周 黄皓	def	6	玩笑	此间乐，城是守住了
三分天下	曹操 刘备 孙权	def	10	玩笑	天下英雄，谁也吞不下谁
义释严颜	张飞 严颜	def	6	玩笑	断头将军与莽张飞，惺惺相惜
徐母之书	徐庶 程昱	int	6	玩笑	一封假信，两人都记着
宛城之夜	曹操 曹昂 典韦 张绣 贾诩	def	6	玩笑	那一夜谁也没睡好，所以格外警醒
大意失荆州	关羽 吕蒙 陆逊 糜芳 傅士仁	agi	6	玩笑	白衣渡江，跑得都快
口舌之争	王朗 祢衡 张昭	int	8	玩笑	三张利嘴凑一处，谁也不服谁
捉放曹	曹操 陈宫	int	6	玩笑	放了又跟，跟了又走
辕门射戟	吕布 纪灵 刘备	agi	6	玩笑	一箭定和，谁都盯着那杆戟
汉室宗亲	刘备 刘表 刘璋 刘虞 刘岱 刘封	def	6	正经	
