名	分量	开局归属	相邻
洛阳	都	无	上党 弘农 许昌 邺 长安 陈留
长安	都	汉	上党 天水 弘农 汉中 洛阳
弘农	郡	汉	上庸 洛阳 襄阳 长安
许昌	都	魏	新野 汝南 洛阳 襄阳 谯 陈留
陈留	大	魏	彭城 洛阳 濮阳 许昌 谯
濮阳	郡	魏	北海 平原 邺 陈留
汝南	郡	魏	寿春 新野 江夏 许昌 谯
谯	郡	魏	寿春 彭城 汝南 许昌 陈留
北海	郡	无	平原 彭城 濮阳
下邳	大	无	寿春 广陵 彭城
彭城	郡	无	下邳 北海 谯 陈留
广陵	郡	无	下邳 寿春 建业
邺	都	魏	上党 南皮 平原 洛阳 濮阳
南皮	大	魏	平原 蓟 邺
平原	郡	魏	北海 南皮 濮阳 邺
蓟	大	无	南皮 晋阳
晋阳	大	汉	上党 蓟
上党	郡	汉	晋阳 洛阳 邺 长安
天水	大	汉	汉中 长安 陇西
陇西	郡	汉	天水 武威
武威	郡	汉	陇西
成都	都	蜀	建宁 梓潼 江州
梓潼	大	蜀	成都 汉中 江州
江州	郡	蜀	建宁 成都 梓潼 永安
永安	大	蜀	武陵 江州 江陵
汉中	大	蜀	上庸 天水 梓潼 长安
建宁	郡	无	交趾 成都 江州
襄阳	都	无	上庸 弘农 新野 江陵 许昌
新野	郡	无	汝南 江夏 襄阳 许昌
上庸	郡	无	弘农 汉中 襄阳
江陵	大	蜀	武陵 永安 江夏 襄阳 长沙
江夏	大	吴	新野 柴桑 汝南 江陵 长沙
长沙	大	吴	柴桑 桂阳 武陵 江夏 江陵 零陵
武陵	郡	蜀	永安 江陵 长沙 零陵
零陵	郡	蜀	交趾 桂阳 武陵 长沙
桂阳	郡	无	会稽 长沙 零陵
建业	都	吴	合肥 吴郡 广陵 庐江
吴郡	大	吴	会稽 建业
会稽	郡	吴	吴郡 桂阳
柴桑	大	吴	庐江 江夏 长沙
庐江	郡	吴	合肥 建业 柴桑
寿春	大	无	下邳 合肥 广陵 汝南 谯
合肥	大	无	寿春 庐江 建业
交趾	郡	无	建宁 零陵
