id	名	槽	档	类别	固定	百分比	维	归属	DSL
武器_000	环首刀	武器	凡品	刀	6	0	atk		
武器_001	斩马刀	武器	良品	刀	10	2	atk		
武器_002	百炼刀	武器	精品	刀	15	3	atk		
武器_003	大夏龙雀	武器	珍品	刀	21	4	atk		
武器_004	百辟刀	武器	神品	刀	30	6	atk		
武器_005	长矛	武器	凡品	枪	6	0	atk		
武器_006	马槊	武器	良品	枪	10	2	atk		
武器_007	丈二长枪	武器	精品	枪	15	3	atk		
武器_008	龙胆亮银枪	武器	珍品	枪	21	4	atk		
武器_009	蛇矛	武器	神品	枪	30	6	atk		
武器_010	铁戟	武器	凡品	戟	6	0	atk		
武器_011	双戟	武器	良品	戟	10	2	atk		
武器_012	方天戟	武器	精品	戟	15	3	atk		
武器_013	画杆方天戟	武器	珍品	戟	21	4	atk		
武器_014	天画戟	武器	神品	戟	30	6	atk		
武器_015	佩剑	武器	凡品	剑	6	0	atk		
武器_016	松纹剑	武器	良品	剑	10	2	atk		
武器_017	七星剑	武器	精品	剑	15	3	atk		
武器_018	干将	武器	珍品	剑	21	4	atk		
武器_019	莫邪	武器	神品	剑	30	6	atk		
武器_020	角弓	武器	凡品	弓	6	0	atk		
武器_021	柘木弓	武器	良品	弓	10	2	atk		
武器_022	雕翎弓	武器	精品	弓	15	3	atk		
武器_023	震天弓	武器	珍品	弓	21	4	atk		
武器_024	落日弓	武器	神品	弓	30	6	atk		
武器_025	竹扇	武器	凡品	扇笔	6	0	int		
武器_026	羽扇	武器	良品	扇笔	10	2	int		
武器_027	鹤羽扇	武器	精品	扇笔	15	3	int		
武器_028	诸葛扇	武器	珍品	扇笔	21	4	int		
武器_029	麈尾	武器	神品	扇笔	30	6	int		
武器_030	木杖	武器	凡品	杖拂	6	0	int		
武器_031	藜杖	武器	良品	杖拂	10	2	int		
武器_032	九节杖	武器	精品	杖拂	15	3	int		
武器_033	太平杖	武器	珍品	杖拂	21	4	int		
武器_034	五斗米杖	武器	神品	杖拂	30	6	int		
盔甲_035	皮甲	盔甲	凡品		6	0	def		
盔甲_036	布甲	盔甲	凡品		6	0	def		
盔甲_037	藤甲	盔甲	凡品		6	0	def		
盔甲_038	竹甲	盔甲	凡品		6	0	def		
盔甲_039	纸甲	盔甲	凡品		6	0	def		
盔甲_040	铁札甲	盔甲	良品		10	2	def		
盔甲_041	锁子甲	盔甲	良品		10	2	def		
盔甲_042	两当铠	盔甲	良品		10	2	def		
盔甲_043	鱼鳞甲	盔甲	良品		10	2	def		
盔甲_044	筩袖铠	盔甲	良品		10	2	def		
盔甲_045	玄铁甲	盔甲	精品		14	3	def		
盔甲_046	明光铠	盔甲	精品		14	3	def		
盔甲_047	乌锤甲	盔甲	精品		14	3	def		
盔甲_048	百炼铠	盔甲	精品		14	3	def		
盔甲_049	山文甲	盔甲	精品		14	3	def		
盔甲_050	兽面吞头铠	盔甲	珍品		19	4	def		
盔甲_051	黄金锁子甲	盔甲	珍品		19	4	def		
盔甲_052	连环铠	盔甲	珍品		19	4	def		
盔甲_053	龙鳞甲	盔甲	珍品		19	4	def		
盔甲_054	镜甲	盔甲	珍品		19	4	def		
盔甲_055	玄甲	盔甲	神品		27	6	def		
盔甲_056	金缕甲	盔甲	神品		27	6	def		
盔甲_057	天蚕甲	盔甲	神品		27	6	def		
盔甲_058	鎏金明光铠	盔甲	神品		27	6	def		
盔甲_059	七宝甲	盔甲	神品		27	6	def		
马匹_060	驽马	马匹	凡品		5	0	agi		
马匹_061	川马	马匹	凡品		5	0	agi		
马匹_062	蜀马	马匹	凡品		5	0	agi		
马匹_063	草原马	马匹	凡品		5	0	agi		
马匹_064	滇马	马匹	凡品		5	0	agi		
马匹_065	青骢	马匹	良品		8	2	agi		
马匹_066	黄骠	马匹	良品		8	2	agi		
马匹_067	乌骓	马匹	良品		8	2	agi		
马匹_068	白马	马匹	良品		8	2	agi		
马匹_069	枣红马	马匹	良品		8	2	agi		
马匹_070	大宛马	马匹	精品		11	3	agi		
马匹_071	汗血马	马匹	精品		11	3	agi		
马匹_072	踏雪骢	马匹	精品		11	3	agi		
马匹_073	玉花骢	马匹	精品		11	3	agi		
马匹_074	紫骍	马匹	精品		11	3	agi		
马匹_075	追风	马匹	珍品		15	4	agi		
马匹_076	绝尘	马匹	珍品		15	4	agi		
马匹_077	赤电	马匹	珍品		15	4	agi		
马匹_078	爪黄飞电	马匹	珍品		15	4	agi		
马匹_079	惊帆	马匹	珍品		15	4	agi		
马匹_080	龙驹	马匹	神品		21	6	agi		
马匹_081	玉追	马匹	神品		21	6	agi		
马匹_082	飞云	马匹	神品		21	6	agi		
马匹_083	九逸	马匹	神品		21	6	agi		
马匹_084	腾霜白	马匹	神品		21	6	agi		
宝物_085	铜印	宝物	凡品		5	0	def		
宝物_086	竹简	宝物	凡品		5	0	int		
宝物_087	令旗	宝物	凡品		5	0	agi		
宝物_088	皮盾	宝物	凡品		5	0	def		
宝物_089	药囊	宝物	凡品		5	0	def		rend:heal(self,1)
宝物_090	银印	宝物	良品		8	0	def		
宝物_091	兵书	宝物	良品		8	0	int		
宝物_092	战鼓	宝物	良品		8	0	atk		
宝物_093	铁盾	宝物	良品		8	0	def		
宝物_094	酒葫芦	宝物	良品		8	0	agi		
宝物_095	金印	宝物	精品		11	2	def		
宝物_096	六韬	宝物	精品		11	2	int		
宝物_097	虎符	宝物	精品		11	2	atk		
宝物_098	玉佩	宝物	精品		11	2	agi		
宝物_099	伤寒论	宝物	精品		11	2	def		rend:heal(self,2)
宝物_100	帅印	宝物	珍品		15	4	def		
宝物_101	孙子兵法	宝物	珍品		15	4	int		
宝物_102	传国玺	宝物	珍品		15	4	atk		
宝物_103	夜明珠	宝物	珍品		15	4	agi		
宝物_104	太平经	宝物	珍品		15	4	int		setup:buff(self,healout,10)
宝物_105	九锡	宝物	神品		21	6	def		setup:buff(self,atk,4); setup:buff(self,int,4); setup:buff(self,agi,4)
宝物_106	太公兵法	宝物	神品		21	6	int		setup:buff(self,ctrlhit,5)
宝物_107	龙泉	宝物	神品		21	6	atk		setup:buff(self,crit,5)
宝物_108	飞廉	宝物	神品		21	6	agi		setup:buff(self,dodge,5)
宝物_109	青囊通用	宝物	神品		21	6	def		rend:heal(self,3)
武器_110	雌雄双股剑	武器	神品	专属	30	6	int	刘备	setup:flag(double_attack); setup:buff(self,atkmult,-40)
盔甲_111	昭烈金甲	盔甲	神品	专属	27	6	def	刘备	
马匹_112	的卢	马匹	神品	专属	21	6	agi	刘备	
宝物_113	桃园誓书	宝物	神品	专属	21	6	int	刘备	setup:buff(a:关羽,def,5); setup:buff(a:张飞,def,5)
武器_114	青龙偃月刀	武器	神品	专属	30	6	atk	关羽	setup:buff(self,atkmult,15)
盔甲_115	绿锦战袍	盔甲	神品	专属	27	6	def	关羽	
马匹_116	忠义赤兔	马匹	神品	专属	21	6	agi	关羽	
宝物_117	春秋	宝物	神品	专属	21	6	atk	关羽	setup:buff(self,magin,-10)
武器_118	丈八蛇矛	武器	神品	专属	30	6	atk	张飞	atk:st(tgt,震慑,1,20)
盔甲_119	玄铁乌甲	盔甲	神品	专属	27	6	def	张飞	
马匹_120	乌云踏雪	马匹	神品	专属	21	6	agi	张飞	
宝物_121	长坂酒葫芦	宝物	神品	专属	21	6	atk	张飞	rend:buff(self,atk,8,1)@hp<50
武器_122	涯角枪	武器	神品	专属	30	6	atk	赵云	setup:buff(self,pursueout,15)
盔甲_123	白龙银甲	盔甲	神品	专属	27	6	def	赵云	
马匹_124	照夜玉狮子	马匹	神品	专属	21	6	agi	赵云	
宝物_125	青釭剑	宝物	神品	专属	21	6	atk	赵云	setup:flag(pursue_ig,0.2)
武器_126	虎头湛金枪	武器	神品	专属	30	6	atk	马超	setup:buff(self,agi,15,1)
盔甲_127	狮盔兽甲	盔甲	神品	专属	27	6	def	马超	
马匹_128	里飞沙	马匹	神品	专属	21	6	agi	马超	
宝物_129	神威天将军印	宝物	神品	专属	21	6	atk	马超	setup:buff(self,dmgout,10)@vs:汉
武器_130	凤嘴刀	武器	神品	专属	30	6	atk	黄忠	setup:flag(critmul,1.7)
盔甲_131	定军山甲	盔甲	神品	专属	27	6	def	黄忠	
马匹_132	黄骠马	马匹	神品	专属	21	6	agi	黄忠	
宝物_133	宝雕弓	宝物	神品	专属	21	6	atk	黄忠	setup:flag(anytarget)
武器_134	白羽扇	武器	神品	专属	30	6	int	诸葛亮	setup:buff(self,magout,8)
盔甲_135	八卦鹤氅	盔甲	神品	专属	27	6	def	诸葛亮	
马匹_136	四轮车	马匹	神品	专属	21	6	agi	诸葛亮	
宝物_137	七星灯	宝物	神品	专属	21	6	int	诸葛亮	death:heal(aall,8)@once
武器_138	凤鸣扇	武器	神品	专属	30	6	int	庞统	setup:flag(连环比,0.2)
盔甲_139	凤雏道袍	盔甲	神品	专属	27	6	def	庞统	
马匹_140	落凤白驹	马匹	神品	专属	21	6	agi	庞统	
宝物_141	耒阳案卷	宝物	神品	专属	21	6	int	庞统	setup:buff(self,rate,5)
武器_142	绿沉枪	武器	神品	专属	30	6	atk	姜维	setup:flag(atk_kind,best)
盔甲_143	麒麟白甲	盔甲	神品	专属	27	6	def	姜维	
马匹_144	天水骢	马匹	神品	专属	21	6	agi	姜维	
宝物_145	兵法二十四篇	宝物	神品	专属	21	6	atk	姜维	setup:buff(self,int,8)@in:诸葛亮
武器_146	谋断笔	武器	神品	专属	30	6	int	法正	setup:buff(self,ctrlhit,10)
盔甲_147	蜀锦文袍	盔甲	神品	专属	27	6	def	法正	
马匹_148	定军青骓	马匹	神品	专属	21	6	agi	法正	
宝物_149	汉中舆图	宝物	神品	专属	21	6	int	法正	buff(edefmax,dmgin,8)
武器_150	倚天剑	武器	神品	专属	30	6	int	曹操	setup:buff(self,atkmult,20)
盔甲_151	魏王衮甲	盔甲	神品	专属	27	6	def	曹操	
马匹_152	绝影	马匹	神品	专属	21	6	agi	曹操	
宝物_153	孟德新书	宝物	神品	专属	21	6	int	曹操	setup:buff(arole:文臣,rate,4)
武器_154	破阵钩镰刀	武器	神品	专属	30	6	atk	张辽	atk:st(tgt,怯战,1,20)
盔甲_155	合肥铁甲	盔甲	神品	专属	27	6	def	张辽	
马匹_156	北地烈风驹	马匹	神品	专属	21	6	agi	张辽	
宝物_157	逍遥津令旗	宝物	神品	专属	21	6	atk	张辽	buff(aall,agi,8,1)
武器_158	八十斤双铁戟	武器	神品	专属	30	6	atk	典韦	setup:flag(double_attack); setup:buff(self,atkmult,-40)
盔甲_159	宛城铁铠	盔甲	神品	专属	27	6	def	典韦	
马匹_160	乌骝	马匹	神品	专属	21	6	agi	典韦	
宝物_161	短戟囊	宝物	神品	专属	21	6	atk	典韦	hit:counter(100,0.5)@subbed
武器_162	裂石大刀	武器	神品	专属	30	6	atk	许褚	atk:st(tgt,缴械,1,15)
盔甲_163	虎痴皮甲	盔甲	神品	专属	27	6	def	许褚	
马匹_164	渭水黄骠	马匹	神品	专属	21	6	agi	许褚	
宝物_165	曳牛缰绳	宝物	神品	专属	21	6	atk	许褚	setup:buff(self,ctrllen,-100)
武器_166	元让长枪	武器	神品	专属	30	6	atk	夏侯惇	setup:flag(counter_mul,1.5)
盔甲_167	铁面甲	盔甲	神品	专属	27	6	def	夏侯惇	
马匹_168	黑云驹	马匹	神品	专属	21	6	agi	夏侯惇	
宝物_169	啖睛之矢	宝物	神品	专属	21	6	atk	夏侯惇	rend:cleanse(self)@hp<50
武器_170	遗计扇	武器	神品	专属	30	6	int	郭嘉	setup:buff(self,magout,8)
盔甲_171	素罗文袍	盔甲	神品	专属	27	6	def	郭嘉	
马匹_172	辽东快马	马匹	神品	专属	21	6	agi	郭嘉	
宝物_173	十胜十败书	宝物	神品	专属	21	6	int	郭嘉	buff(aall,rate,3)
武器_174	令君笔	武器	神品	专属	30	6	int	荀彧	setup:buff(self,healout,15)
盔甲_175	留香锦袍	盔甲	神品	专属	27	6	def	荀彧	
马匹_176	颍川青骢	马匹	神品	专属	21	6	agi	荀彧	
宝物_177	空食盒	宝物	神品	专属	21	6	int	荀彧	death:heal(aall,10)@once
武器_178	鹰视剑	武器	神品	专属	30	6	int	司马懿	setup:flag(prep_guard,0.45)
盔甲_179	隐忍布袍	盔甲	神品	专属	27	6	def	司马懿	
马匹_180	辽东追风	马匹	神品	专属	21	6	agi	司马懿	
宝物_181	巾帼	宝物	神品	专属	21	6	int	司马懿	setup:flag(immune_taunt)
武器_182	文和笔	武器	神品	专属	30	6	int	贾诩	setup:flag(计穷加,1)
盔甲_183	藏拙布衣	盔甲	神品	专属	27	6	def	贾诩	
马匹_184	凉州驽马	马匹	神品	专属	21	6	agi	贾诩	
宝物_185	抹书	宝物	神品	专属	21	6	int	贾诩	setup:buff(self,ctrlhit,10)
武器_186	士载长枪	武器	神品	专属	30	6	atk	邓艾	setup:flag(ignore,0.2)
盔甲_187	阴平铁甲	盔甲	神品	专属	27	6	def	邓艾	
马匹_188	阴平山驹	马匹	神品	专属	21	6	agi	邓艾	
宝物_189	裹身毛毡	宝物	神品	专属	21	6	atk	邓艾	rend:heal(self,3)@hidden
武器_190	古锭刀	武器	神品	专属	30	6	atk	孙坚	setup:buff(self,pursueout,15)
盔甲_191	赤帻战袍	盔甲	神品	专属	27	6	def	孙坚	
马匹_192	乌云盖雪	马匹	神品	专属	21	6	agi	孙坚	
宝物_193	传国玉玺	宝物	神品	专属	21	6	atk	孙坚	
武器_194	霸王枪	武器	神品	专属	30	6	atk	孙策	setup:buff(self,atkmult,20)
盔甲_195	江东银甲	盔甲	神品	专属	27	6	def	孙策	
马匹_196	神亭骏	马匹	神品	专属	21	6	agi	孙策	
宝物_197	神亭短戟	宝物	神品	专属	21	6	atk	孙策	setup:buff(self,atk,5)@in:太史慈; setup:buff(a:太史慈,atk,5)
武器_198	白虹剑	武器	神品	专属	30	6	int	孙权	atk:dmg(tgt,0.3,mag)
盔甲_199	紫袍金甲	盔甲	神品	专属	27	6	def	孙权	
马匹_200	跳津骏	马匹	神品	专属	21	6	agi	孙权	
宝物_201	江东虎符	宝物	神品	专属	21	6	int	孙权	buff(aside:吴,def,4)
武器_202	公瑾剑	武器	神品	专属	30	6	int	周瑜	setup:buff(self,magout,8)
盔甲_203	赤壁锦袍	盔甲	神品	专属	27	6	def	周瑜	
马匹_204	柴桑白马	马匹	神品	专属	21	6	agi	周瑜	
宝物_205	瑶琴	宝物	神品	专属	21	6	int	周瑜	setup:flag(prep_unbreak)
武器_206	伯言剑	武器	神品	专属	30	6	int	陆逊	setup:buff(self,dmgin,-15,3)
盔甲_207	白衣儒袍	盔甲	神品	专属	27	6	def	陆逊	
马匹_208	夷陵青骢	马匹	神品	专属	21	6	agi	陆逊	
宝物_209	连营火种	宝物	神品	专属	21	6	int	陆逊	setup:buff(self,dotout,25)
武器_210	铁胎弓	武器	神品	专属	30	6	atk	太史慈	setup:buff(self,pursueout,15)
盔甲_211	神亭铁甲	盔甲	神品	专属	27	6	def	太史慈	
马匹_212	东莱骏	马匹	神品	专属	21	6	agi	太史慈	
宝物_213	神亭兜鍪	宝物	神品	专属	21	6	atk	太史慈	setup:buff(self,agi,5)@in:孙策; setup:buff(a:孙策,agi,5)
武器_214	兴霸大刀	武器	神品	专属	30	6	atk	甘宁	setup:buff(self,atkmult,50,1)
盔甲_215	锦帆甲	盔甲	神品	专属	27	6	def	甘宁	
马匹_216	劫营黑驹	马匹	神品	专属	21	6	agi	甘宁	
宝物_217	铜铃	宝物	神品	专属	21	6	atk	甘宁	setup:buff(self,dodge,10,2)
武器_218	子明长刀	武器	神品	专属	30	6	atk	吕蒙	setup:flag(prep_guard,0.2)
盔甲_219	白衣商袍	盔甲	神品	专属	27	6	def	吕蒙	
马匹_220	渡江青骓	马匹	神品	专属	21	6	agi	吕蒙	
宝物_221	吴下书卷	宝物	神品	专属	21	6	atk	吕蒙	setup:buff(self,int,8)
武器_222	方天画戟	武器	神品	专属	30	6	atk	吕布	atk:dmg(other,0.4)
盔甲_223	兽面吞头连环铠	盔甲	神品	专属	27	6	def	吕布	
马匹_224	神驹赤兔	马匹	神品	专属	21	6	agi	吕布	
宝物_225	三叉束发紫金冠	宝物	神品	专属	21	6	atk	吕布	setup:buff(self,dmgin,-10)
武器_226	西凉弯刀	武器	神品	专属	30	6	atk	董卓	setup:flag(吸血,0.35)
盔甲_227	郿坞重铠	盔甲	神品	专属	27	6	def	董卓	
马匹_228	西凉大宛马	马匹	神品	专属	21	6	agi	董卓	
宝物_229	郿坞金印	宝物	神品	专属	21	6	atk	董卓	
武器_230	闭月团扇	武器	神品	专属	30	6	int	貂蝉	setup:buff(self,ctrlhit,10)
盔甲_231	凤仪霓裳	盔甲	神品	专属	27	6	def	貂蝉	
马匹_232	凤仪香车	马匹	神品	专属	21	6	agi	貂蝉	
宝物_233	连环玉佩	宝物	神品	专属	21	6	int	貂蝉	buff(e:吕布,atk,-10,1); buff(e:董卓,atk,-10,1)
武器_234	柳叶刀	武器	神品	专属	30	6	int	华佗	setup:buff(self,healout,15)
盔甲_235	药囊布衣	盔甲	神品	专属	27	6	def	华佗	
马匹_236	行医青驴	马匹	神品	专属	21	6	agi	华佗	
宝物_237	青囊书	宝物	神品	专属	21	6	int	华佗	
武器_238	司徒笔	武器	神品	专属	30	6	int	王允	setup:buff(self,magout,8)
盔甲_239	三公朝服	盔甲	神品	专属	27	6	def	王允	
马匹_240	司徒安车	马匹	神品	专属	21	6	agi	王允	
宝物_241	司徒印绶	宝物	神品	专属	21	6	int	王允	buff(aside:汉,rate,4)
武器_242	公台剑	武器	神品	专属	30	6	int	陈宫	setup:buff(self,shieldout,20)
盔甲_243	布衣儒袍	盔甲	神品	专属	27	6	def	陈宫	
马匹_244	中牟快马	马匹	神品	专属	21	6	agi	陈宫	
宝物_245	中牟县令印	宝物	神品	专属	21	6	int	陈宫	st(e:曹操,计穷,1)
武器_246	四世宝剑	武器	神品	专属	30	6	int	袁绍	setup:buff(self,atkmult,20)
盔甲_247	冀州金甲	盔甲	神品	专属	27	6	def	袁绍	
马匹_248	河北骏	马匹	神品	专属	21	6	agi	袁绍	
宝物_249	盟主帅旗	宝物	神品	专属	21	6	int	袁绍	buff(aside:汉,def,4)
武器_250	乌角拂尘	武器	神品	专属	30	6	int	左慈	setup:buff(self,magout,8)
盔甲_251	八卦道袍	盔甲	神品	专属	27	6	def	左慈	
马匹_252	云鹤	马匹	神品	专属	21	6	agi	左慈	
宝物_253	遁甲天书	宝物	神品	专属	21	6	int	左慈	setup:flag(免死次数,2)
