名	关一	关二	关一名	关二名
刘备	ch01_000	ch20_097	桃园三结义	白帝托孤
关羽	ch03_011	ch09_039	温酒斩华雄	过五关斩六将
张飞	ch02_005	ch12_054	鞭打督邮	据水断桥
赵云	ch05_022	ch12_053	白马义从	赵云救主
马超	ch16_073	ch16_076	潼关之战	西凉铁骑
黄忠	ch18_085	ch18_086	定军山	汉水之战
诸葛亮	ch11_048	ch13_060	三顾茅庐	借东风
庞统	ch11_051	ch17_078	水镜山庄	落凤坡
姜维	ch22_106	ch25_123	收姜维	剑阁
法正	ch17_077	ch18_087	张松献图	汉中王
曹操	ch08_035	ch14_066	煮酒论英雄	铜雀台
张辽	ch07_031	ch18_084	白门楼	逍遥津
典韦	ch05_021	ch07_030	濮阳大战	宛城之战
许褚	ch08_033	ch16_074	许田打围	裸衣斗马超
夏侯惇	ch07_028	ch11_049	吕布袭徐州	火烧博望
郭嘉	ch10_044	ch30_141	官渡决战	白狼山
荀彧	ch05_020	ch10_043	陶谦让徐州	火烧乌巢
司马懿	ch22_108	ch24_116	空城计	高平陵
贾诩	ch04_017	ch16_075	李郭反攻长安	渭水离间
邓艾	ch25_121	ch26_125	段谷之败	偷渡阴平
孙坚	ch03_010	ch05_019	汜水关	岘山伏兵
孙策	ch06_024	ch06_025	神亭酣斗	平定江东
孙权	ch13_057	ch15_068	舌战群儒	甘露寺
周瑜	ch13_059	ch14_062	苦肉计	火烧赤壁
陆逊	ch20_096	ch20_098	火烧连营	八阵图
太史慈	ch06_024	ch27_130	神亭酣斗	管亥围北海
甘宁	ch14_065	ch15_071	三江口	江表虎臣
吕蒙	ch19_091	ch19_092	白衣渡江	走麦城
吕布	ch03_012	ch07_029	三英战吕布	辕门射戟
董卓	ch02_007	ch04_014	董卓进京	火烧洛阳
貂蝉	ch04_015	ch04_016	凤仪亭	诛董卓
华佗	ch19_089	ch19_090	水淹七军	刮骨疗毒
王允	ch04_016	ch04_017	诛董卓	李郭反攻长安
陈宫	ch05_021	ch07_032	濮阳大战	陈宫的最后一计
袁绍	ch05_018	ch10_044	界桥之战	官渡决战
左慈	ch01_004	ch14_066	太平要术	铜雀台
