名	阵营	定位	品阶	武力	统率	智力	速度	武成长	统成长	智成长	速成长	特点
刘备	蜀	辅助	无双	58	78	90	64	1.0	2.1	2.3	1.2	仁君，统率智力双高，越打越稳
关羽	蜀	武将	无双	98	80	48	74	2.9	2.3	1.0	1.3	攻防双高，全面
张飞	蜀	武将	无双	97	76	22	72	3.1	1.9	0.3	1.5	一根筋，武力成长第三
赵云	蜀	武将	无双	96	78	45	88	2.7	2.2	1.0	2.0	均衡，速度成长最高一档
马超	蜀	武将	无双	96	72	28	86	3.0	1.6	0.5	1.9	攻高防薄
黄忠	蜀	武将	无双	88	70	40	70	3.3	1.8	0.8	0.9	大器晚成：一级值低于同档，武力成长全游戏第一，五十级仅次吕布；速度不长
诸葛亮	蜀	文臣	无双	30	62	100	66	0.4	1.6	3.2	1.2	智力上限
庞统	蜀	文臣	无双	32	56	96	62	0.4	1.2	3.1	1.3	智高统薄
姜维	蜀	武将	无双	88	74	82	78	2.6	2.0	2.3	1.5	文武并进
法正	蜀	文臣	无双	40	60	94	64	0.6	1.4	2.9	1.2	
曹操	魏	辅助	无双	72	80	94	70	1.3	2.2	2.5	1.3	全能，辅助里武力最高
张辽	魏	武将	无双	93	76	52	84	2.7	2.1	1.0	1.9	快
典韦	魏	武将	无双	96	84	18	64	2.8	2.7	0.2	0.9	统率成长最高一档，速度最慢
许褚	魏	武将	无双	95	80	15	68	3.1	2.3	0.2	1.0	纯力
夏侯惇	魏	武将	无双	91	78	40	72	2.5	2.5	0.7	1.3	攻防均长
郭嘉	魏	文臣	无双	28	52	98	68	0.3	1.0	3.0	1.4	早慧早衰：一级智力仅次诸葛，成长压一点，统率成长最低
荀彧	魏	辅助	无双	35	66	95	60	0.5	1.8	2.7	1.0	
司马懿	魏	文臣	无双	45	72	98	62	0.7	2.0	3.1	1.0	熬：文臣里统率成长最高
贾诩	魏	文臣	无双	30	60	97	64	0.4	1.6	2.9	1.3	
邓艾	魏	武将	无双	89	74	78	76	2.6	1.9	2.2	1.4	文武并进
孙坚	吴	武将	无双	90	78	50	76	2.8	2.2	1.2	1.5	
孙策	吴	武将	无双	93	72	44	86	3.0	1.7	0.9	2.0	猛冲，防薄
孙权	吴	辅助	无双	60	78	88	66	1.0	2.3	2.4	1.2	守成
周瑜	吴	文臣	无双	48	60	97	70	0.9	1.5	3.0	1.5	文臣里武力最高
陆逊	吴	文臣	无双	38	64	95	62	0.5	1.9	3.0	1.1	后手：统率成长高
太史慈	吴	武将	无双	92	72	40	84	2.8	1.9	0.8	1.8	
甘宁	吴	武将	无双	91	70	32	88	2.9	1.5	0.6	2.1	速度成长全游戏第一
吕蒙	吴	武将	无双	87	74	76	72	2.4	2.0	2.4	1.3	士别三日：武将里智力成长最高
吕布	汉	武将	无双	100	78	16	86	3.2	2.0	0.2	1.9	武力上限
董卓	汉	武将	无双	88	82	40	50	2.4	2.6	0.6	0.5	统率成长最高，速度最慢且不长
貂蝉	汉	辅助	无双	30	58	88	82	0.4	1.5	2.4	1.8	辅助里最快
华佗	汉	辅助	无双	22	55	96	58	0.2	1.4	2.8	1.0	
王允	汉	文臣	无双	26	62	92	56	0.3	1.7	2.8	1.0	
陈宫	汉	文臣	无双	38	64	93	60	0.6	1.8	2.8	1.1	
袁绍	汉	辅助	无双	62	76	82	62	1.1	2.1	2.0	1.0	名声大于本事：一级值高，成长在无双里垫底
左慈	汉	文臣	无双	30	50	99	70	0.3	1.0	3.2	1.4	智力成长并列第一，统率最薄
华雄	汉	武将	虎	86	66	20	74	2.5	1.5	0.3	1.4	
颜良	汉	武将	虎	88	64	22	76	2.4	1.4	0.3	1.5	虎档武力最高
文丑	汉	武将	虎	87	62	20	78	2.4	1.3	0.3	1.6	
高顺	汉	武将	虎	82	76	40	66	2.0	2.2	0.7	1.1	陷阵营，统率型
张绣	汉	武将	虎	84	66	38	80	2.2	1.5	0.6	1.7	
公孙瓒	汉	武将	虎	83	70	45	82	2.1	1.7	0.8	1.8	白马
马腾	汉	武将	虎	85	72	40	70	2.2	1.8	0.6	1.2	
张任	汉	武将	虎	82	72	60	74	2.1	1.8	1.4	1.4	有谋略的武将
皇甫嵩	汉	武将	虎	80	76	68	62	1.9	2.0	1.6	1.0	儒将，老
田丰	汉	文臣	虎	30	56	90	58	0.4	1.5	2.6	1.0	
沮授	汉	文臣	虎	32	58	88	56	0.4	1.6	2.5	1.0	
李儒	汉	文臣	虎	28	50	91	62	0.3	1.2	2.6	1.2	
于吉	汉	文臣	虎	20	48	92	64	0.2	1.1	2.7	1.2	法师
夏侯渊	魏	武将	虎	86	68	42	84	2.3	1.6	0.7	1.9	神速
张郃	魏	武将	虎	84	74	60	78	2.2	2.0	1.3	1.5	巧变，四维均衡
徐晃	魏	武将	虎	86	72	50	72	2.4	1.9	0.9	1.2	
于禁	魏	武将	虎	78	78	52	64	1.9	2.2	1.0	1.0	严整，统率型
乐进	魏	武将	虎	85	64	30	76	2.5	1.4	0.5	1.5	先登
庞德	魏	武将	虎	87	70	30	74	2.5	1.7	0.4	1.4	
曹仁	魏	武将	虎	82	80	48	62	2.0	2.2	0.9	1.0	守城，虎档统率最高
曹真	魏	武将	虎	80	74	56	68	2.0	1.9	1.2	1.2	
曹彰	魏	武将	虎	88	66	22	74	2.6	1.5	0.3	1.4	黄须儿，虎档武力成长最高
郭淮	魏	武将	虎	78	74	64	68	1.9	1.9	1.5	1.2	
荀攸	魏	文臣	虎	32	58	91	58	0.4	1.5	2.7	1.0	
程昱	魏	文臣	虎	45	60	88	56	0.8	1.6	2.5	1.0	文臣里能打
钟会	魏	文臣	虎	50	56	90	66	1.0	1.3	2.6	1.3	
蔡文姬	魏	辅助	虎	20	50	84	60	0.2	1.3	2.4	1.1	
戏志才	魏	文臣	虎	26	48	92	64	0.3	1.0	2.3	1.2	早卒：一级智力虎档第一，成长压低
魏延	蜀	武将	虎	87	70	48	78	2.5	1.7	0.9	1.5	
关平	蜀	武将	虎	82	70	44	74	2.3	1.8	0.8	1.4	
关兴	蜀	武将	虎	84	66	40	78	2.4	1.6	0.7	1.6	
张苞	蜀	武将	虎	86	64	22	76	2.6	1.5	0.3	1.5	像他爹
王平	蜀	武将	虎	76	78	58	66	1.9	2.2	1.4	1.1	无当飞军，统率型
马岱	蜀	武将	虎	80	70	46	76	2.1	1.8	0.8	1.5	
严颜	蜀	武将	虎	82	76	44	60	1.9	2.0	0.7	0.8	老将，速度不长
夏侯霸	蜀	武将	虎	83	70	50	74	2.2	1.8	1.0	1.3	
孙尚香	蜀	武将	虎	78	62	50	84	2.2	1.4	0.9	1.9	弓腰姬，快
徐庶	蜀	文臣	虎	55	60	89	64	1.0	1.5	2.5	1.2	会武的文臣
马良	蜀	文臣	虎	28	54	88	58	0.3	1.4	2.5	1.0	
黄月英	蜀	文臣	虎	30	56	90	60	0.3	1.5	2.6	1.1	
蒋琬	蜀	辅助	虎	36	64	84	56	0.5	1.9	2.3	1.0	
陈到	蜀	武将	虎	84	78	40	72	2.2	2.2	0.6	1.3	白毦兵，攻防均长
黄盖	吴	武将	虎	84	72	48	64	2.3	1.9	0.8	1.0	老将
程普	吴	武将	虎	82	74	54	66	2.1	1.9	1.1	1.1	三朝
韩当	吴	武将	虎	83	68	40	72	2.3	1.6	0.6	1.3	
周泰	吴	武将	虎	85	80	22	68	2.2	2.4	0.3	1.1	护主，统率成长虎档第一
凌统	吴	武将	虎	86	66	38	82	2.5	1.5	0.6	1.8	
丁奉	吴	武将	虎	78	70	50	74	2.6	1.9	1.3	1.4	大器晚成：一级值低，成长高
徐盛	吴	武将	虎	80	74	56	70	2.0	1.9	1.3	1.2	
陆抗	吴	武将	虎	78	76	70	66	1.9	2.0	1.7	1.1	武将里智力最高
鲁肃	吴	辅助	虎	40	64	86	58	0.6	1.8	2.4	1.0	
诸葛瑾	吴	辅助	虎	30	62	85	56	0.4	1.7	2.3	1.0	
小乔	吴	辅助	虎	18	46	82	66	0.2	1.2	2.4	1.3	
张昭	吴	文臣	虎	25	58	89	54	0.3	1.6	2.5	0.9	
张角	无	文臣	虎	36	54	92	58	0.5	1.3	2.7	1.0	大贤良师
孟获	无	武将	虎	86	74	20	62	2.4	2.0	0.3	1.0	屡败屡战，统率厚
李傕	汉	武将	名	76	62	30	66	1.9	1.4	0.5	1.2	
郭汜	汉	武将	名	75	60	26	68	1.9	1.3	0.4	1.3	跟李傕一对
徐荣	汉	武将	名	74	68	52	64	1.7	1.7	1.1	1.1	正史里打赢过曹操孙坚，有谋略
韩遂	汉	武将	名	72	66	58	60	1.5	1.6	1.3	0.9	三十年不倒，老
麹义	汉	武将	名	78	64	40	70	2.0	1.4	0.7	1.4	先登死士
高览	汉	武将	名	77	66	28	66	1.9	1.6	0.4	1.2	河北四庭柱末位
淳于琼	汉	武将	名	72	60	24	58	1.6	1.2	0.3	0.8	酒
纪灵	汉	武将	名	78	62	22	64	2.0	1.3	0.3	1.1	三尖刀
蔡瑁	汉	武将	名	66	64	50	62	1.5	1.5	1.2	1.0	水军
黄祖	汉	武将	名	68	66	36	58	1.5	1.6	0.6	0.9	守江夏
朱儁	汉	武将	名	74	70	60	60	1.6	1.8	1.3	0.9	平黄巾的老将
阎行	汉	武将	名	80	64	32	72	2.2	1.4	0.5	1.5	差点打死马超，名档武力顶格
臧洪	汉	武将	名	70	68	54	60	1.6	1.9	1.1	0.9	死守东武阳，统率型
丁原	汉	武将	名	72	66	40	62	1.6	1.6	0.7	1.0	
吕玲绮	汉	武将	名	76	58	30	76	2.1	1.2	0.5	1.6	像她爹，快
刘表	汉	辅助	名	40	66	74	52	0.5	1.6	2.0	0.8	坐守
刘璋	汉	辅助	名	35	58	68	50	0.4	1.2	1.8	0.8	暗弱，成长垫底
袁术	汉	辅助	名	48	60	66	54	0.7	1.3	1.7	0.9	
陶谦	汉	辅助	名	38	62	70	50	0.4	1.5	1.9	0.8	
汉献帝	汉	辅助	名	30	60	72	54	0.3	1.5	2.1	0.9	
董承	汉	辅助	名	52	60	66	56	0.9	1.4	1.8	0.9	
吉平	汉	辅助	名	36	52	76	58	0.4	1.1	2.2	1.0	太医
刘虞	汉	辅助	名	38	66	76	52	0.4	1.7	2.1	0.8	仁政
许劭	汉	辅助	名	30	54	78	56	0.3	1.2	2.3	0.9	月旦评
曹节	汉	辅助	名	32	58	74	60	0.3	1.4	2.0	1.0	掷玺
张鲁	汉	文臣	名	40	56	78	54	0.6	1.3	2.1	0.9	五斗米道
孔融	汉	文臣	名	34	52	80	56	0.4	1.1	2.1	0.9	
卢植	汉	文臣	名	50	60	80	58	0.8	1.5	2.1	0.9	儒将
审配	汉	文臣	名	42	60	78	52	0.6	1.6	2.0	0.8	死守邺城，统率成长文臣里偏高
逢纪	汉	文臣	名	30	50	76	54	0.3	1.0	2.0	0.9	
郭图	汉	文臣	名	30	48	74	56	0.3	0.9	1.9	0.9	坑，成长垫底
许攸	汉	文臣	名	32	50	82	60	0.3	1.0	2.2	1.0	夜奔
蹇硕	汉	文臣	名	44	54	72	56	0.7	1.2	1.9	0.9	十常侍
祢衡	汉	文臣	名	30	46	84	62	0.3	0.8	2.3	1.1	嘴最硬，统率最薄
蒯良	汉	文臣	名	32	56	82	54	0.3	1.4	2.2	0.9	
蒯越	汉	文臣	名	38	58	80	56	0.5	1.5	2.1	0.9	
曹洪	魏	武将	名	78	64	30	68	2.0	1.5	0.5	1.2	
曹休	魏	武将	名	76	66	42	70	1.9	1.6	0.8	1.3	千里驹
曹纯	魏	武将	名	74	62	44	76	1.8	1.4	0.9	1.6	虎豹骑，快
夏侯尚	魏	武将	名	72	64	46	66	1.7	1.5	1.0	1.1	
李典	魏	武将	名	72	68	58	64	1.6	1.8	1.3	1.0	儒将
臧霸	魏	武将	名	76	66	34	66	1.9	1.6	0.5	1.2	
文聘	魏	武将	名	72	70	48	62	1.6	1.9	1.0	1.0	守江夏
文鸯	魏	武将	名	80	62	28	76	2.2	1.3	0.4	1.6	名档武力顶格，十八岁
郝昭	魏	武将	名	68	72	52	58	1.5	2.0	1.1	0.8	守陈仓，统率型
王双	魏	武将	名	79	60	18	64	2.1	1.3	0.3	1.1	流星锤
陈泰	魏	武将	名	72	68	56	64	1.6	1.7	1.2	1.0	
王濬	魏	武将	名	70	68	60	62	1.6	1.7	1.4	1.0	楼船
李进	魏	武将	名	78	62	26	70	2.1	1.3	0.4	1.4	打跑吕布的县豪强
阎柔	魏	武将	名	72	64	50	72	1.7	1.5	1.0	1.5	胡骑
王异	魏	武将	名	70	70	48	60	1.5	2.0	1.0	0.9	守城，统率型
司马师	魏	文臣	名	50	60	82	58	0.8	1.5	2.2	0.9	
司马昭	魏	文臣	名	46	58	80	60	0.7	1.4	2.1	1.0	
满宠	魏	文臣	名	44	62	78	54	0.6	1.6	2.0	0.8	酷吏
刘晔	魏	文臣	名	36	52	82	56	0.4	1.1	2.2	0.9	霹雳车
王朗	魏	文臣	名	34	56	76	50	0.3	1.3	1.9	0.8	
华歆	魏	文臣	名	32	54	78	54	0.3	1.2	2.0	0.9	
杜预	魏	文臣	名	48	62	84	58	0.7	1.6	2.3	0.9	破竹，文臣里能带兵
杨阜	魏	文臣	名	46	60	80	56	0.7	1.5	2.1	0.9	反攻马超
马钧	魏	文臣	名	30	48	82	52	0.3	0.9	2.3	0.8	机关
管辂	魏	文臣	名	26	46	84	58	0.2	0.8	2.3	1.0	神卜
杨修	魏	文臣	名	32	50	84	62	0.3	1.0	2.2	1.1	聪明，命短：成长压一点
陈登	魏	文臣	名	54	62	80	58	1.0	1.6	2.1	0.9	湖海之士，文臣里能打
陈群	魏	辅助	名	36	62	76	54	0.4	1.5	2.1	0.9	
钟繇	魏	辅助	名	34	60	74	52	0.4	1.4	2.0	0.8	
羊祜	魏	辅助	名	46	64	78	56	0.7	1.6	2.2	0.9	
曹丕	魏	辅助	名	54	62	74	60	0.9	1.4	2.0	1.0	会剑
甄姬	魏	辅助	名	28	52	76	58	0.3	1.1	2.1	1.0	
田畴	魏	辅助	名	44	60	76	60	0.6	1.5	2.0	1.1	向导
张春华	魏	辅助	名	40	62	78	54	0.5	1.6	2.1	0.9	
廖化	蜀	武将	名	72	66	42	64	1.7	1.6	0.8	1.1	活得久，成长稳
周仓	蜀	武将	名	78	64	18	62	2.1	1.5	0.3	1.0	扛刀
吴懿	蜀	武将	名	72	68	50	62	1.6	1.7	1.0	1.0	
张翼	蜀	武将	名	72	68	48	64	1.6	1.7	1.0	1.1	
张嶷	蜀	武将	名	74	66	52	66	1.7	1.6	1.1	1.1	
傅佥	蜀	武将	名	76	68	36	64	1.9	1.8	0.6	1.1	死守阳安
诸葛瞻	蜀	武将	名	66	62	66	60	1.5	1.4	1.6	1.0	
霍峻	蜀	武将	名	68	72	50	58	1.5	2.0	1.0	0.8	守葭萌，统率型
罗宪	蜀	武将	名	70	70	54	60	1.6	1.9	1.1	0.9	守永安
李严	蜀	武将	名	70	66	58	60	1.5	1.6	1.2	0.9	
刘封	蜀	武将	名	76	62	30	68	1.9	1.4	0.5	1.2	
关索	蜀	武将	名	78	62	30	72	2.1	1.3	0.5	1.4	
鲍三娘	蜀	武将	名	74	58	32	76	2.0	1.2	0.5	1.6	
傅肜	蜀	武将	名	74	70	32	62	1.8	1.9	0.5	1.0	断后
柳隐	蜀	武将	名	68	74	48	56	1.4	2.0	1.0	0.8	守黄金围，名档统率顶格
习珍	蜀	武将	名	70	70	44	60	1.6	1.9	0.8	0.9	孤山
关银屏	蜀	武将	名	76	60	40	74	2.0	1.3	0.7	1.5	
马云禄	蜀	武将	名	75	58	34	76	2.0	1.2	0.5	1.6	
邓芝	蜀	文臣	名	40	58	78	56	0.5	1.4	2.1	0.9	使吴
秦宓	蜀	文臣	名	30	50	80	54	0.3	1.0	2.1	0.9	天辩
马谡	蜀	文臣	名	36	46	84	60	0.4	0.8	2.3	1.0	言过其实：智高统薄
杨仪	蜀	文臣	名	32	54	78	56	0.3	1.2	2.0	0.9	
谯周	蜀	文臣	名	28	50	76	50	0.2	1.1	2.0	0.8	
张松	蜀	文臣	名	30	48	82	58	0.3	1.0	2.2	1.0	
董允	蜀	辅助	名	38	62	74	54	0.5	1.6	2.0	0.9	
费祎	蜀	辅助	名	40	62	78	58	0.5	1.5	2.2	1.0	
糜竺	蜀	辅助	名	36	58	70	54	0.4	1.3	1.9	0.9	富商
简雍	蜀	辅助	名	34	54	72	58	0.4	1.2	1.9	1.0	
孙乾	蜀	辅助	名	34	56	72	56	0.4	1.3	1.9	0.9	
伊籍	蜀	辅助	名	36	56	74	60	0.4	1.3	2.0	1.1	
糜夫人	蜀	辅助	名	28	54	70	56	0.3	1.3	1.9	0.9	
刘巴	蜀	辅助	名	32	58	80	54	0.3	1.4	2.3	0.9	直百钱
蒲元	蜀	辅助	名	46	56	74	52	0.7	1.3	2.0	0.8	铁匠
蒋钦	吴	武将	名	76	64	36	68	1.9	1.5	0.6	1.2	
陈武	吴	武将	名	78	60	24	70	2.1	1.3	0.3	1.3	
董袭	吴	武将	名	77	66	26	62	2.0	1.6	0.4	1.0	
潘璋	吴	武将	名	76	62	34	68	1.9	1.4	0.6	1.2	
朱桓	吴	武将	名	74	68	52	64	1.7	1.8	1.1	1.1	
朱然	吴	武将	名	70	72	50	62	1.5	2.0	1.0	1.0	守江陵，统率型
全琮	吴	武将	名	72	66	48	64	1.6	1.6	1.0	1.1	
凌操	吴	武将	名	76	60	28	72	1.9	1.3	0.4	1.4	
朱治	吴	武将	名	68	66	50	58	1.5	1.6	1.0	0.9	
吕岱	吴	武将	名	70	68	56	58	1.5	1.8	1.2	0.8	九十多岁还在打，成长稳
贺齐	吴	武将	名	76	70	46	64	1.8	1.9	0.9	1.1	华甲
留赞	吴	武将	名	74	64	40	60	2.0	1.5	0.8	1.0	白发老将，大器晚成
诸葛恪	吴	文臣	名	48	56	84	62	0.7	1.2	2.3	1.0	聪明，冒进
步骘	吴	文臣	名	40	58	78	54	0.5	1.4	2.0	0.9	
阚泽	吴	文臣	名	30	52	80	58	0.3	1.1	2.2	1.0	
虞翻	吴	文臣	名	44	54	80	60	0.6	1.2	2.1	1.0	骂
陆凯	吴	文臣	名	38	58	78	54	0.5	1.5	2.0	0.9	
周鲂	吴	文臣	名	42	56	82	58	0.6	1.3	2.2	1.0	诈降
徐氏	吴	文臣	名	30	50	80	60	0.3	1.0	2.1	1.1	设伏
吕范	吴	辅助	名	46	62	74	56	0.7	1.5	2.0	0.9	
顾雍	吴	辅助	名	34	62	76	52	0.4	1.6	2.1	0.8	
张纮	吴	辅助	名	36	58	76	54	0.4	1.4	2.1	0.9	
大乔	吴	辅助	名	26	52	74	60	0.3	1.2	2.0	1.0	
吴国太	吴	辅助	名	30	60	72	50	0.3	1.5	1.9	0.8	
张宝	无	文臣	名	40	52	82	56	0.6	1.1	2.2	0.9	妖术
张梁	无	武将	名	76	62	30	64	1.9	1.4	0.5	1.1	
管亥	无	武将	名	78	60	20	66	2.0	1.3	0.3	1.2	
张燕	无	武将	名	74	64	38	74	1.8	1.5	0.7	1.6	黑山，快
祝融	无	武将	名	74	60	30	76	1.9	1.3	0.5	1.6	飞刀
沙摩柯	无	武将	名	79	62	16	68	2.1	1.4	0.2	1.2	射杀甘宁
兀突骨	无	武将	名	76	74	14	50	1.7	2.1	0.2	0.6	藤甲，统率顶格速度垫底
木鹿大王	无	文臣	名	44	54	78	58	0.7	1.2	2.0	1.0	驱兽
朵思大王	无	文臣	名	36	50	80	54	0.4	1.1	2.1	0.9	毒泉
越吉元帅	无	武将	名	78	66	18	62	2.0	1.6	0.2	1.0	铁车
蹋顿	无	武将	名	76	64	24	72	1.9	1.5	0.3	1.5	乌桓骑
轲比能	无	武将	名	74	66	44	70	1.7	1.6	0.9	1.4	
公孙渊	无	武将	名	68	66	48	60	1.5	1.6	1.0	0.9	
花鬘	无	武将	名	72	58	36	76	1.9	1.2	0.6	1.6	
普净	无	辅助	名	24	56	78	52	0.2	1.4	2.2	0.8	点化
侯成	汉	武将	骁	62	52	28	60	1.4	1.1	0.4	1.0	绑吕布的三个
宋宪	汉	武将	骁	64	50	22	62	1.5	1.0	0.3	1.1	
魏续	汉	武将	骁	63	54	20	58	1.4	1.2	0.3	0.9	
张勋	汉	武将	骁	60	56	34	56	1.2	1.3	0.6	0.8	袁术大将
桥蕤	汉	武将	骁	62	52	30	58	1.3	1.1	0.5	0.9	
张济	汉	武将	骁	64	54	32	60	1.4	1.2	0.5	1.0	
樊稠	汉	武将	骁	66	52	24	62	1.6	1.0	0.3	1.1	
牛辅	汉	武将	骁	58	52	26	54	1.2	1.1	0.4	0.8	胆小
张允	汉	武将	骁	56	54	42	58	1.1	1.2	0.9	0.9	水军
泠苞	汉	武将	骁	64	54	30	60	1.4	1.2	0.5	1.0	
邓贤	汉	武将	骁	62	52	28	62	1.4	1.1	0.4	1.1	
刘璝	汉	武将	骁	60	56	34	56	1.3	1.3	0.6	0.9	
鲍信	汉	武将	骁	62	58	44	58	1.3	1.4	0.9	0.9	
张邈	汉	武将	骁	56	54	46	56	1.1	1.2	1.0	0.9	
王匡	汉	武将	骁	58	54	36	58	1.2	1.2	0.6	0.9	
刘岱	汉	武将	骁	56	52	38	56	1.1	1.1	0.7	0.9	
何进	汉	辅助	骁	46	50	52	48	0.7	1.1	1.4	0.7	屠户，蠢
伏皇后	汉	辅助	骁	24	44	62	52	0.2	1.0	1.6	0.8	
曹性	汉	武将	校	52	42	20	54	1.2	0.8	0.3	0.9	射瞎夏侯惇那一箭
郝萌	汉	武将	校	50	42	18	50	1.1	0.8	0.3	0.8	
雷薄	汉	武将	校	50	44	22	48	1.0	0.9	0.3	0.7	
陈兰	汉	武将	校	50	42	20	50	1.0	0.8	0.3	0.8	
杨昂	汉	武将	校	52	44	24	50	1.1	0.9	0.4	0.8	
杨任	汉	武将	校	54	44	22	52	1.2	0.9	0.3	0.8	
韩猛	汉	武将	校	52	42	18	54	1.2	0.8	0.3	0.9	
蒋义渠	汉	武将	校	48	46	30	48	0.9	1.0	0.5	0.7	
邢道荣	汉	武将	校	56	44	16	50	1.3	0.8	0.2	0.8	自称万夫不当
潘凤	汉	武将	校	54	42	18	48	1.2	0.8	0.3	0.7	吾有上将
俞涉	汉	武将	校	48	40	20	52	1.0	0.7	0.3	0.8	
武安国	汉	武将	校	52	44	18	46	1.1	0.9	0.3	0.6	铁锤，断了一只手
李肃	汉	武将	校	46	42	40	52	0.9	0.8	0.8	0.8	牵赤兔的说客
董旻	汉	武将	校	46	44	28	48	0.9	0.9	0.4	0.7	
穆顺	汉	武将	校	48	40	22	54	1.0	0.7	0.3	0.9	
张让	汉	文臣	校	30	40	58	46	0.3	0.7	1.3	0.6	十常侍头
杨松	汉	文臣	校	30	38	54	48	0.2	0.6	1.2	0.7	贪
王累	汉	文臣	校	32	42	56	44	0.3	0.8	1.3	0.6	倒吊城门谏刘璋
韩浩	魏	武将	骁	62	58	44	58	1.3	1.4	0.9	0.9	屯田
史涣	魏	武将	骁	64	54	30	62	1.5	1.2	0.5	1.1	
牛金	魏	武将	骁	66	52	22	60	1.6	1.0	0.3	1.0	
朱灵	魏	武将	骁	64	56	36	60	1.4	1.3	0.6	1.0	
曹昂	魏	武将	骁	60	54	42	62	1.4	1.2	0.8	1.1	让马给父亲
夏侯恩	魏	武将	骁	62	50	20	64	1.4	1.0	0.3	1.2	背剑的
吕虔	魏	武将	骁	60	56	40	56	1.2	1.3	0.8	0.9	
蔡阳	魏	武将	骁	66	54	24	60	1.6	1.1	0.3	1.0	三通鼓
车胄	魏	武将	骁	58	54	32	56	1.2	1.2	0.5	0.9	
秦琪	魏	武将	骁	60	50	20	62	1.4	1.0	0.3	1.1	
王凌	魏	武将	骁	60	58	48	56	1.2	1.4	1.0	0.9	
毌丘俭	魏	武将	骁	64	58	46	58	1.4	1.4	0.9	0.9	
诸葛诞	魏	武将	骁	62	60	44	54	1.3	1.5	0.9	0.8	
文钦	魏	武将	骁	66	54	28	62	1.6	1.2	0.4	1.1	文鸯他爹
田豫	魏	武将	骁	62	58	50	60	1.3	1.4	1.0	1.0	镇北
王经	魏	武将	骁	60	56	40	56	1.2	1.3	0.7	0.9	
韩龙	魏	武将	骁	58	44	36	68	1.4	0.8	0.6	1.3	刺客，快
毛玠	魏	文臣	骁	32	46	68	50	0.3	1.0	1.7	0.8	
董昭	魏	文臣	骁	34	46	70	52	0.3	1.0	1.8	0.8	
蒋济	魏	文臣	骁	36	48	68	50	0.4	1.1	1.7	0.8	
孔秀	魏	武将	校	50	42	20	48	1.0	0.8	0.3	0.7	五关六将
韩福	魏	武将	校	48	44	24	46	0.9	0.9	0.3	0.6	
孟坦	魏	武将	校	52	40	18	52	1.1	0.7	0.3	0.8	
卞喜	魏	武将	校	50	42	30	54	1.0	0.8	0.5	0.9	流星锤，设伏
王植	魏	武将	校	46	44	34	48	0.9	0.9	0.6	0.7	
夏侯杰	魏	武将	校	48	40	16	50	0.9	0.7	0.2	0.8	吓死的
曹安民	魏	武将	校	50	42	26	52	1.1	0.8	0.4	0.8	
许仪	魏	武将	校	54	44	16	50	1.2	0.9	0.2	0.8	许褚儿子
成济	魏	武将	校	54	40	14	54	1.2	0.7	0.2	0.9	弑君的戈
贾充	魏	文臣	校	34	42	60	48	0.4	0.8	1.4	0.7	奸
糜芳	蜀	武将	骁	56	54	36	56	1.1	1.2	0.6	0.9	开门的
傅士仁	蜀	武将	骁	56	52	34	56	1.1	1.1	0.6	0.9	
孟达	蜀	武将	骁	62	54	48	60	1.3	1.2	1.0	1.0	反复
吴班	蜀	武将	骁	64	56	36	58	1.5	1.3	0.6	0.9	
马忠	蜀	武将	骁	62	58	46	56	1.3	1.4	0.9	0.9	南中
雷铜	蜀	武将	骁	64	52	24	60	1.5	1.1	0.3	1.0	
吴兰	蜀	武将	骁	62	52	26	62	1.4	1.1	0.4	1.1	
高翔	蜀	武将	骁	60	54	32	58	1.2	1.2	0.5	0.9	
陈式	蜀	武将	骁	60	52	26	58	1.3	1.1	0.4	0.9	
句扶	蜀	武将	骁	64	56	34	60	1.5	1.3	0.6	1.0	
向宠	蜀	武将	骁	58	60	44	54	1.1	1.5	0.9	0.8	出师表点名，统率型
阎宇	蜀	武将	骁	58	54	38	56	1.2	1.2	0.7	0.9	
王甫	蜀	文臣	骁	34	46	68	50	0.3	1.0	1.7	0.8	
赵累	蜀	文臣	骁	36	48	66	50	0.4	1.1	1.6	0.8	
黄权	蜀	文臣	骁	44	50	70	52	0.6	1.2	1.8	0.8	谏刘备伐吴
范疆	蜀	武将	校	48	40	22	52	1.0	0.7	0.3	0.8	
张达	蜀	武将	校	48	40	20	52	1.0	0.7	0.3	0.8	
马邈	蜀	武将	校	46	42	30	48	0.9	0.8	0.5	0.7	江油降的
黄皓	蜀	文臣	校	30	38	56	48	0.2	0.6	1.3	0.7	奸
樊建	蜀	文臣	校	32	42	56	46	0.3	0.8	1.3	0.6	
郤正	蜀	文臣	校	32	42	58	46	0.3	0.8	1.4	0.6	
刘禅	蜀	辅助	校	30	44	50	44	0.2	0.9	1.2	0.5	乐不思蜀，成长全游戏最低
马忠（吴）	吴	武将	骁	62	52	38	62	1.4	1.1	0.7	1.1	绊马索
谢旌	吴	武将	骁	60	52	26	60	1.3	1.1	0.4	1.0	
谭雄	吴	武将	骁	60	50	24	62	1.4	1.0	0.3	1.1	
宋谦	吴	武将	骁	62	54	28	60	1.4	1.2	0.4	1.0	
贾华	吴	武将	骁	58	52	30	58	1.2	1.1	0.5	0.9	
周善	吴	武将	骁	56	50	36	64	1.2	1.0	0.6	1.2	劫阿斗
韩综	吴	武将	骁	58	52	30	58	1.2	1.1	0.5	0.9	叛
孙翊	吴	武将	骁	64	52	28	62	1.5	1.1	0.4	1.1	孙策弟，暴
谷利	吴	武将	骁	58	56	32	66	1.2	1.3	0.5	1.3	救主
孙静	吴	辅助	骁	40	52	62	50	0.5	1.2	1.6	0.8	孙坚弟
张温	吴	文臣	骁	34	46	70	52	0.3	1.0	1.8	0.8	
薛综	吴	文臣	骁	32	46	68	50	0.3	1.0	1.7	0.8	
严畯	吴	文臣	骁	30	46	66	48	0.3	1.0	1.6	0.7	
程秉	吴	文臣	骁	30	44	66	48	0.3	0.9	1.6	0.7	
是仪	吴	文臣	骁	32	48	68	50	0.3	1.1	1.7	0.8	
孙皓	吴	辅助	校	40	42	52	48	0.5	0.8	1.2	0.7	暴君
岑昏	吴	文臣	校	30	38	54	46	0.2	0.6	1.2	0.6	奸
万彧	吴	文臣	校	30	40	56	46	0.3	0.7	1.3	0.6	
张悌	吴	文臣	校	40	44	58	48	0.5	0.9	1.4	0.7	末代丞相，战死
沈莹	吴	武将	校	54	46	28	50	1.2	1.0	0.4	0.8	丹阳青巾兵
程远志	无	武将	骁	60	50	22	56	1.3	1.0	0.3	0.9	第一关 Boss
波才	无	武将	骁	62	54	34	58	1.3	1.2	0.6	0.9	颍川
孟优	无	武将	骁	60	54	20	56	1.3	1.2	0.3	0.9	孟获弟
迷当大王	无	武将	骁	62	56	24	60	1.4	1.3	0.3	1.0	羌
邓茂	无	武将	校	50	42	18	52	1.1	0.8	0.3	0.8	张飞一矛
韩忠	无	武将	校	50	44	22	48	1.0	0.9	0.3	0.7	
赵弘	无	武将	校	52	42	18	50	1.1	0.8	0.3	0.8	
孙仲	无	武将	校	50	42	18	50	1.0	0.8	0.3	0.8	
严政	无	武将	校	48	40	24	50	0.9	0.7	0.4	0.8	杀张宝的
裴元绍	无	武将	校	52	42	16	50	1.1	0.8	0.2	0.8	
带来洞主	无	武将	校	50	46	26	48	1.0	1.0	0.4	0.7	
忙牙长	无	武将	校	56	42	14	52	1.3	0.8	0.2	0.8	
金环三结	无	武将	校	54	44	16	50	1.2	0.9	0.2	0.8	
董荼那	无	武将	校	50	44	20	50	1.0	0.9	0.3	0.8	
阿会喃	无	武将	校	50	44	20	50	1.0	0.9	0.3	0.8	
徹里吉	无	武将	校	52	46	26	50	1.1	1.0	0.4	0.8	羌王
