名	阵营	定位	品阶	武力	统率	智力	速度	武成长	统成长	智成长	速成长	特点
刘备	蜀	辅助	无双	58	78	90	64	1.0	2.1	2.3	1.2	仁君，统率智力双高，越打越稳
关羽	蜀	武将	无双	98	80	48	74	2.9	2.3	1.0	1.3	攻防双高，全面
张飞	蜀	武将	无双	97	76	22	72	3.1	1.9	0.3	1.5	一根筋，武力成长第三
赵云	蜀	武将	无双	96	78	45	88	2.7	2.2	1.0	2.0	均衡，速度成长最高一档
马超	蜀	武将	无双	96	72	28	86	3.0	1.6	0.5	1.9	攻高防薄
黄忠	蜀	武将	无双	88	70	40	70	3.3	1.8	0.8	0.9	大器晚成：一级值低于同档，武力成长全游戏第一，五十级仅次吕布；速度不长
诸葛亮	蜀	文臣	无双	30	62	100	66	0.4	1.6	3.2	1.2	智力上限
庞统	蜀	文臣	无双	32	56	96	62	0.4	1.2	3.1	1.3	智高统薄
姜维	蜀	武将	无双	88	74	82	78	2.6	2.0	2.3	1.5	文武并进
法正	蜀	文臣	无双	40	60	94	64	0.6	1.4	2.9	1.2
曹操	魏	辅助	无双	72	80	94	70	1.3	2.2	2.5	1.3	全能，辅助里武力最高
张辽	魏	武将	无双	93	76	52	84	2.7	2.1	1.0	1.9	快
典韦	魏	武将	无双	96	84	18	64	2.8	2.7	0.2	0.9	统率成长最高一档，速度最慢
许褚	魏	武将	无双	95	80	15	68	3.1	2.3	0.2	1.0	纯力
夏侯惇	魏	武将	无双	91	78	40	72	2.5	2.5	0.7	1.3	攻防均长
郭嘉	魏	文臣	无双	28	52	98	68	0.3	1.0	3.0	1.4	早慧早衰：一级智力仅次诸葛，成长压一点，统率成长最低
荀彧	魏	辅助	无双	35	66	95	60	0.5	1.8	2.7	1.0
司马懿	魏	文臣	无双	45	72	98	62	0.7	2.0	3.1	1.0	熬：文臣里统率成长最高
贾诩	魏	文臣	无双	30	60	97	64	0.4	1.6	2.9	1.3
邓艾	魏	武将	无双	89	74	78	76	2.6	1.9	2.2	1.4	文武并进
孙坚	吴	武将	无双	90	78	50	76	2.8	2.2	1.2	1.5
孙策	吴	武将	无双	93	72	44	86	3.0	1.7	0.9	2.0	猛冲，防薄
孙权	吴	辅助	无双	60	78	88	66	1.0	2.3	2.4	1.2	守成
周瑜	吴	文臣	无双	48	60	97	70	0.9	1.5	3.0	1.5	文臣里武力最高
陆逊	吴	文臣	无双	38	64	95	62	0.5	1.9	3.0	1.1	后手：统率成长高
太史慈	吴	武将	无双	92	72	40	84	2.8	1.9	0.8	1.8
甘宁	吴	武将	无双	91	70	32	88	2.9	1.5	0.6	2.1	速度成长全游戏第一
吕蒙	吴	武将	无双	87	74	76	72	2.4	2.0	2.4	1.3	士别三日：武将里智力成长最高
吕布	汉	武将	无双	100	78	16	86	3.2	2.0	0.2	1.9	武力上限
董卓	汉	武将	无双	88	82	40	50	2.4	2.6	0.6	0.5	统率成长最高，速度最慢且不长
貂蝉	汉	辅助	无双	30	58	88	82	0.4	1.5	2.4	1.8	辅助里最快
华佗	汉	辅助	无双	22	55	96	58	0.2	1.4	2.8	1.0
王允	汉	文臣	无双	26	62	92	56	0.3	1.7	2.8	1.0
陈宫	汉	文臣	无双	38	64	93	60	0.6	1.8	2.8	1.1
袁绍	汉	辅助	无双	62	76	82	62	1.1	2.1	2.0	1.0	名声大于本事：一级值高，成长在无双里垫底
左慈	汉	文臣	无双	30	50	99	70	0.3	1.0	3.2	1.4	智力成长并列第一，统率最薄
华雄	汉	武将	虎	86	66	20	74	2.5	1.5	0.3	1.4
颜良	汉	武将	虎	88	64	22	76	2.4	1.4	0.3	1.5	虎档武力最高
文丑	汉	武将	虎	87	62	20	78	2.4	1.3	0.3	1.6
高顺	汉	武将	虎	82	76	40	66	2.0	2.2	0.7	1.1	陷阵营，统率型
张绣	汉	武将	虎	84	66	38	80	2.2	1.5	0.6	1.7
公孙瓒	汉	武将	虎	83	70	45	82	2.1	1.7	0.8	1.8	白马
马腾	汉	武将	虎	85	72	40	70	2.2	1.8	0.6	1.2
张任	汉	武将	虎	82	72	60	74	2.1	1.8	1.4	1.4	有谋略的武将
皇甫嵩	汉	武将	虎	80	76	68	62	1.9	2.0	1.6	1.0	儒将，老
田丰	汉	文臣	虎	30	56	90	58	0.4	1.5	2.6	1.0
沮授	汉	文臣	虎	32	58	88	56	0.4	1.6	2.5	1.0
李儒	汉	文臣	虎	28	50	91	62	0.3	1.2	2.6	1.2
于吉	汉	文臣	虎	20	48	92	64	0.2	1.1	2.7	1.2	法师
夏侯渊	魏	武将	虎	86	68	42	84	2.3	1.6	0.7	1.9	神速
张郃	魏	武将	虎	84	74	60	78	2.2	2.0	1.3	1.5	巧变，四维均衡
徐晃	魏	武将	虎	86	72	50	72	2.4	1.9	0.9	1.2
于禁	魏	武将	虎	78	78	52	64	1.9	2.2	1.0	1.0	严整，统率型
乐进	魏	武将	虎	85	64	30	76	2.5	1.4	0.5	1.5	先登
庞德	魏	武将	虎	87	70	30	74	2.5	1.7	0.4	1.4
曹仁	魏	武将	虎	82	80	48	62	2.0	2.2	0.9	1.0	守城，虎档统率最高
曹真	魏	武将	虎	80	74	56	68	2.0	1.9	1.2	1.2
曹彰	魏	武将	虎	88	66	22	74	2.6	1.5	0.3	1.4	黄须儿，虎档武力成长最高
郭淮	魏	武将	虎	78	74	64	68	1.9	1.9	1.5	1.2
荀攸	魏	文臣	虎	32	58	91	58	0.4	1.5	2.7	1.0
程昱	魏	文臣	虎	45	60	88	56	0.8	1.6	2.5	1.0	文臣里能打
钟会	魏	文臣	虎	50	56	90	66	1.0	1.3	2.6	1.3
蔡文姬	魏	辅助	虎	20	50	84	60	0.2	1.3	2.4	1.1
戏志才	魏	文臣	虎	26	48	92	64	0.3	1.0	2.3	1.2	早卒：一级智力虎档第一，成长压低
魏延	蜀	武将	虎	87	70	48	78	2.5	1.7	0.9	1.5
关平	蜀	武将	虎	82	70	44	74	2.3	1.8	0.8	1.4
关兴	蜀	武将	虎	84	66	40	78	2.4	1.6	0.7	1.6
张苞	蜀	武将	虎	86	64	22	76	2.6	1.5	0.3	1.5	像他爹
王平	蜀	武将	虎	76	78	58	66	1.9	2.2	1.4	1.1	无当飞军，统率型
马岱	蜀	武将	虎	80	70	46	76	2.1	1.8	0.8	1.5
严颜	蜀	武将	虎	82	76	44	60	1.9	2.0	0.7	0.8	老将，速度不长
夏侯霸	蜀	武将	虎	83	70	50	74	2.2	1.8	1.0	1.3
孙尚香	蜀	武将	虎	78	62	50	84	2.2	1.4	0.9	1.9	弓腰姬，快
徐庶	蜀	文臣	虎	55	60	89	64	1.0	1.5	2.5	1.2	会武的文臣
马良	蜀	文臣	虎	28	54	88	58	0.3	1.4	2.5	1.0
黄月英	蜀	文臣	虎	30	56	90	60	0.3	1.5	2.6	1.1
蒋琬	蜀	辅助	虎	36	64	84	56	0.5	1.9	2.3	1.0
陈到	蜀	武将	虎	84	78	40	72	2.2	2.2	0.6	1.3	白毦兵，攻防均长
黄盖	吴	武将	虎	84	72	48	64	2.3	1.9	0.8	1.0	老将
程普	吴	武将	虎	82	74	54	66	2.1	1.9	1.1	1.1	三朝
韩当	吴	武将	虎	83	68	40	72	2.3	1.6	0.6	1.3
周泰	吴	武将	虎	85	80	22	68	2.2	2.4	0.3	1.1	护主，统率成长虎档第一
凌统	吴	武将	虎	86	66	38	82	2.5	1.5	0.6	1.8
丁奉	吴	武将	虎	78	70	50	74	2.6	1.9	1.3	1.4	大器晚成：一级值低，成长高
徐盛	吴	武将	虎	80	74	56	70	2.0	1.9	1.3	1.2
陆抗	吴	武将	虎	78	76	70	66	1.9	2.0	1.7	1.1	武将里智力最高
鲁肃	吴	辅助	虎	40	64	86	58	0.6	1.8	2.4	1.0
诸葛瑾	吴	辅助	虎	30	62	85	56	0.4	1.7	2.3	1.0
小乔	吴	辅助	虎	18	46	82	66	0.2	1.2	2.4	1.3
张昭	吴	文臣	虎	25	58	89	54	0.3	1.6	2.5	0.9
张角	无	文臣	虎	36	54	92	58	0.5	1.3	2.7	1.0	大贤良师
孟获	无	武将	虎	86	74	20	62	2.4	2.0	0.3	1.0	屡败屡战，统率厚
