名	文件	类别	原图
刘备	liu_bei	本人	../立绘/无双/刘备.png
关羽	guan_yu	本人	../立绘/无双/关羽.png
张飞	zhang_fei	本人	../立绘/无双/张飞.png
赵云	zhao_yun	本人	../立绘/无双/赵云.png
马超	ma_chao	本人	../立绘/无双/马超.png
黄忠	huang_zhong	本人	../立绘/无双/黄忠.png
诸葛亮	zhu_ge_liang	本人	../立绘/无双/诸葛亮.png
庞统	pang_tong	本人	../立绘/无双/庞统.png
姜维	jiang_wei	本人	../立绘/无双/姜维.png
法正	fa_zheng	本人	../立绘/无双/法正.png
曹操	cao_cao	本人	../立绘/无双/曹操.png
张辽	zhang_liao	本人	../立绘/无双/张辽.png
典韦	dian_wei	本人	../立绘/无双/典韦.png
许褚	xu_chu	本人	../立绘/无双/许褚.png
夏侯惇	xia_hou_dun	本人	../立绘/无双/夏侯惇.png
郭嘉	guo_jia	本人	../立绘/无双/郭嘉.png
荀彧	xun_yu	本人	../立绘/无双/荀彧.png
司马懿	si_ma_yi	本人	../立绘/无双/司马懿.png
贾诩	jia_xu	本人	../立绘/无双/贾诩.png
邓艾	deng_ai	本人	../立绘/无双/邓艾.png
孙坚	sun_jian	本人	../立绘/无双/孙坚.png
孙策	sun_ce	本人	../立绘/无双/孙策.png
孙权	sun_quan	本人	../立绘/无双/孙权.png
周瑜	zhou_yu	本人	../立绘/无双/周瑜.png
陆逊	lu_xun	本人	../立绘/无双/陆逊.png
太史慈	tai_shi_ci	本人	../立绘/无双/太史慈.png
甘宁	gan_ning	本人	../立绘/无双/甘宁.png
吕蒙	lv_meng	本人	../立绘/无双/吕蒙.png
吕布	lv_bu	本人	../立绘/无双/吕布.png
董卓	dong_zhuo	本人	../立绘/无双/董卓.png
貂蝉	diao_chan	本人	../立绘/无双/貂蝉.png
华佗	hua_tuo	本人	../立绘/无双/华佗.png
王允	wang_yun	本人	../立绘/无双/王允.png
陈宫	chen_gong	本人	../立绘/无双/陈宫.png
袁绍	yuan_shao	本人	../立绘/无双/袁绍.png
左慈	zuo_ci	本人	../立绘/无双/左慈.png
华雄	hua_xiong	本人	../立绘/虎/华雄.png
颜良	yan_liang	本人	../立绘/虎/颜良.png
文丑	wen_chou	本人	../立绘/虎/文丑.png
高顺	gao_shun	本人	../立绘/虎/高顺.png
张绣	zhang_xiu	本人	../立绘/虎/张绣.png
公孙瓒	gong_sun_zan	本人	../立绘/虎/公孙瓒.png
马腾	ma_teng	本人	../立绘/虎/马腾.png
张任	zhang_ren	本人	../立绘/虎/张任.png
皇甫嵩	huang_fu_song	本人	../立绘/虎/皇甫嵩.png
田丰	tian_feng	本人	../立绘/虎/田丰.png
沮授	ju_shou	本人	../立绘/虎/沮授.png
李儒	li_ru	本人	../立绘/虎/李儒.png
于吉	yu_ji	本人	../立绘/虎/于吉.png
夏侯渊	xia_hou_yuan	本人	../立绘/虎/夏侯渊.png
张郃	zhang_he	本人	../立绘/虎/张郃.png
徐晃	xu_huang	本人	../立绘/虎/徐晃.png
于禁	yu_jin	本人	../立绘/虎/于禁.png
乐进	yue_jin	本人	../立绘/虎/乐进.png
庞德	pang_de	本人	../立绘/虎/庞德.png
曹仁	cao_ren	本人	../立绘/虎/曹仁.png
曹真	cao_zhen	本人	../立绘/虎/曹真.png
曹彰	cao_zhang	本人	../立绘/虎/曹彰.png
郭淮	guo_huai	本人	../立绘/虎/郭淮.png
荀攸	xun_you	本人	../立绘/虎/荀攸.png
程昱	cheng_yu	本人	../立绘/虎/程昱.png
钟会	zhong_hui	本人	../立绘/虎/钟会.png
蔡文姬	cai_wen_ji	本人	../立绘/虎/蔡文姬.png
戏志才	xi_zhi_cai	本人	../立绘/虎/戏志才.png
魏延	wei_yan	本人	../立绘/虎/魏延.png
关平	guan_ping	本人	../立绘/虎/关平.png
关兴	guan_xing	本人	../立绘/虎/关兴.png
张苞	zhang_bao	本人	../立绘/虎/张苞.png
王平	wang_ping	本人	../立绘/虎/王平.png
马岱	ma_dai	本人	../立绘/虎/马岱.png
严颜	yan_yan	本人	../立绘/虎/严颜.png
夏侯霸	xia_hou_ba	本人	../立绘/虎/夏侯霸.png
孙尚香	sun_shang_xiang	本人	../立绘/虎/孙尚香.png
徐庶	xu_shu	本人	../立绘/虎/徐庶.png
马良	ma_liang	本人	../立绘/虎/马良.png
黄月英	huang_yue_ying	本人	../立绘/虎/黄月英.png
蒋琬	jiang_wan	本人	../立绘/虎/蒋琬.png
陈到	chen_dao	本人	../立绘/虎/陈到.png
黄盖	huang_gai	本人	../立绘/虎/黄盖.png
程普	cheng_pu	本人	../立绘/虎/程普.png
韩当	han_dang	本人	../立绘/虎/韩当.png
周泰	zhou_tai	本人	../立绘/虎/周泰.png
凌统	ling_tong	本人	../立绘/虎/凌统.png
丁奉	ding_feng	本人	../立绘/虎/丁奉.png
徐盛	xu_sheng	本人	../立绘/虎/徐盛.png
陆抗	lu_kang	本人	../立绘/虎/陆抗.png
鲁肃	lu_su	本人	../立绘/虎/鲁肃.png
诸葛瑾	zhu_ge_jin	本人	../立绘/虎/诸葛瑾.png
小乔	xiao_qiao	本人	../立绘/虎/小乔.png
张昭	zhang_zhao	本人	../立绘/虎/张昭.png
张角	zhang_jiao	本人	../立绘/虎/张角.png
孟获	meng_huo	本人	../立绘/虎/孟获.png
李傕	li_jue	本人	../立绘/名/李傕.png
郭汜	guo_si	本人	../立绘/名/郭汜.png
徐荣	xu_rong	本人	../立绘/名/徐荣.png
韩遂	han_sui	本人	../立绘/名/韩遂.png
麹义	qu_yi	本人	../立绘/名/麹义.png
高览	gao_lan	本人	../立绘/名/高览.png
淳于琼	chun_yu_qiong	本人	../立绘/名/淳于琼.png
纪灵	ji_ling	本人	../立绘/名/纪灵.png
蔡瑁	cai_mao	本人	../立绘/名/蔡瑁.png
黄祖	huang_zu	本人	../立绘/名/黄祖.png
朱儁	zhu_jun	本人	../立绘/名/朱儁.png
阎行	yan_xing	本人	../立绘/名/阎行.png
臧洪	zang_hong	本人	../立绘/名/臧洪.png
丁原	ding_yuan	本人	../立绘/名/丁原.png
吕玲绮	lv_ling_qi	本人	../立绘/名/吕玲绮.png
刘表	liu_biao	本人	../立绘/名/刘表.png
刘璋	liu_zhang	本人	../立绘/名/刘璋.png
袁术	yuan_shu	本人	../立绘/名/袁术.png
陶谦	tao_qian	本人	../立绘/名/陶谦.png
汉献帝	han_xian_di	本人	../立绘/名/汉献帝.png
董承	dong_cheng	本人	../立绘/名/董承.png
吉平	ji_ping	本人	../立绘/名/吉平.png
刘虞	liu_yu	本人	../立绘/名/刘虞.png
许劭	xu_shao	本人	../立绘/名/许劭.png
曹节	cao_jie	本人	../立绘/名/曹节.png
张鲁	zhang_lu	本人	../立绘/名/张鲁.png
孔融	kong_rong	本人	../立绘/名/孔融.png
卢植	lu_zhi	本人	../立绘/名/卢植.png
审配	shen_pei	本人	../立绘/名/审配.png
逢纪	feng_ji	本人	../立绘/名/逢纪.png
郭图	guo_tu	本人	../立绘/名/郭图.png
许攸	xu_you	本人	../立绘/名/许攸.png
蹇硕	jian_shuo	本人	../立绘/名/蹇硕.png
祢衡	mi_heng	本人	../立绘/名/祢衡.png
蒯良	kuai_liang	本人	../立绘/名/蒯良.png
蒯越	kuai_yue	本人	../立绘/名/蒯越.png
曹洪	cao_hong	本人	../立绘/名/曹洪.png
曹休	cao_xiu	本人	../立绘/名/曹休.png
曹纯	cao_chun	本人	../立绘/名/曹纯.png
夏侯尚	xia_hou_shang	本人	../立绘/名/夏侯尚.png
李典	li_dian	本人	../立绘/名/李典.png
臧霸	zang_ba	本人	../立绘/名/臧霸.png
文聘	wen_pin	本人	../立绘/名/文聘.png
文鸯	wen_yang	本人	../立绘/名/文鸯.png
郝昭	hao_zhao	本人	../立绘/名/郝昭.png
王双	wang_shuang	本人	../立绘/名/王双.png
陈泰	chen_tai	本人	../立绘/名/陈泰.png
王濬	wang_jun	本人	../立绘/名/王濬.png
李进	li_jin	本人	../立绘/名/李进.png
阎柔	yan_rou	本人	../立绘/名/阎柔.png
王异	wang_yi	本人	../立绘/名/王异.png
司马师	si_ma_shi	本人	../立绘/名/司马师.png
司马昭	si_ma_zhao	本人	../立绘/名/司马昭.png
满宠	man_chong	本人	../立绘/名/满宠.png
刘晔	liu_ye	本人	../立绘/名/刘晔.png
王朗	wang_lang	本人	../立绘/名/王朗.png
华歆	hua_xin	本人	../立绘/名/华歆.png
杜预	du_yu	本人	../立绘/名/杜预.png
杨阜	yang_fu	本人	../立绘/名/杨阜.png
马钧	ma_jun	本人	../立绘/名/马钧.png
管辂	guan_lu	本人	../立绘/名/管辂.png
杨修	yang_xiu	本人	../立绘/名/杨修.png
陈登	chen_deng	本人	../立绘/名/陈登.png
陈群	chen_qun	本人	../立绘/名/陈群.png
钟繇	zhong_yao	本人	../立绘/名/钟繇.png
羊祜	yang_hu	本人	../立绘/名/羊祜.png
曹丕	cao_pi	本人	../立绘/名/曹丕.png
甄姬	zhen_ji	本人	../立绘/名/甄姬.png
田畴	tian_chou	本人	../立绘/名/田畴.png
张春华	zhang_chun_hua	本人	../立绘/名/张春华.png
廖化	liao_hua	本人	../立绘/名/廖化.png
周仓	zhou_cang	本人	../立绘/名/周仓.png
吴懿	wu_yi	本人	../立绘/名/吴懿.png
张翼	zhang_yi	本人	../立绘/名/张翼.png
张嶷	zhang_yi2	本人	../立绘/名/张嶷.png
傅佥	fu_qian	本人	../立绘/名/傅佥.png
诸葛瞻	zhu_ge_zhan	本人	../立绘/名/诸葛瞻.png
霍峻	huo_jun	本人	../立绘/名/霍峻.png
罗宪	luo_xian	本人	../立绘/名/罗宪.png
李严	li_yan	本人	../立绘/名/李严.png
刘封	liu_feng	本人	../立绘/名/刘封.png
关索	guan_suo	本人	../立绘/名/关索.png
鲍三娘	bao_san_niang	本人	../立绘/名/鲍三娘.png
傅肜	fu_rong	本人	../立绘/名/傅肜.png
柳隐	liu_yin	本人	../立绘/名/柳隐.png
习珍	xi_zhen	本人	../立绘/名/习珍.png
关银屏	guan_yin_ping	本人	../立绘/名/关银屏.png
马云禄	ma_yun_lu	本人	../立绘/名/马云禄.png
邓芝	deng_zhi	本人	../立绘/名/邓芝.png
秦宓	qin_mi	本人	../立绘/名/秦宓.png
马谡	ma_su	本人	../立绘/名/马谡.png
杨仪	yang_yi	本人	../立绘/名/杨仪.png
谯周	qiao_zhou	本人	../立绘/名/谯周.png
张松	zhang_song	本人	../立绘/名/张松.png
董允	dong_yun	本人	../立绘/名/董允.png
费祎	fei_yi	本人	../立绘/名/费祎.png
糜竺	mi_zhu	本人	../立绘/名/糜竺.png
简雍	jian_yong	本人	../立绘/名/简雍.png
孙乾	sun_qian	本人	../立绘/名/孙乾.png
伊籍	yi_ji	本人	../立绘/名/伊籍.png
糜夫人	mi_fu_ren	本人	../立绘/名/糜夫人.png
刘巴	liu_ba	本人	../立绘/名/刘巴.png
蒲元	pu_yuan	本人	../立绘/名/蒲元.png
蒋钦	jiang_qin	本人	../立绘/名/蒋钦.png
陈武	chen_wu	本人	../立绘/名/陈武.png
董袭	dong_xi	本人	../立绘/名/董袭.png
潘璋	pan_zhang	本人	../立绘/名/潘璋.png
朱桓	zhu_huan	本人	../立绘/名/朱桓.png
朱然	zhu_ran	本人	../立绘/名/朱然.png
全琮	quan_cong	本人	../立绘/名/全琮.png
凌操	ling_cao	本人	../立绘/名/凌操.png
朱治	zhu_zhi	本人	../立绘/名/朱治.png
吕岱	lv_dai	本人	../立绘/名/吕岱.png
贺齐	he_qi	本人	../立绘/名/贺齐.png
留赞	liu_zan	本人	../立绘/名/留赞.png
诸葛恪	zhu_ge_ke	本人	../立绘/名/诸葛恪.png
步骘	bu_zhi	本人	../立绘/名/步骘.png
阚泽	han_ze	本人	../立绘/名/阚泽.png
虞翻	yu_fan	本人	../立绘/名/虞翻.png
陆凯	lu_kai	本人	../立绘/名/陆凯.png
周鲂	zhou_fang	本人	../立绘/名/周鲂.png
徐氏	xu_shi	本人	../立绘/名/徐氏.png
吕范	lv_fan	本人	../立绘/名/吕范.png
顾雍	gu_yong	本人	../立绘/名/顾雍.png
张纮	zhang_hong	本人	../立绘/名/张纮.png
大乔	da_qiao	本人	../立绘/名/大乔.png
吴国太	wu_guo_tai	本人	../立绘/名/吴国太.png
张宝	zhang_bao2	本人	../立绘/名/张宝.png
张梁	zhang_liang	本人	../立绘/名/张梁.png
管亥	guan_hai	本人	../立绘/名/管亥.png
张燕	zhang_yan	本人	../立绘/名/张燕.png
祝融	zhu_rong	本人	../立绘/名/祝融.png
沙摩柯	sha_mo_ke	本人	../立绘/名/沙摩柯.png
兀突骨	wu_tu_gu	本人	../立绘/名/兀突骨.png
木鹿大王	mu_lu_da_wang	本人	../立绘/名/木鹿大王.png
朵思大王	duo_si_da_wang	本人	../立绘/名/朵思大王.png
越吉元帅	yue_ji_yuan_shuai	本人	../立绘/名/越吉元帅.png
蹋顿	ta_dun	本人	../立绘/名/蹋顿.png
轲比能	ke_bi_neng	本人	../立绘/名/轲比能.png
公孙渊	gong_sun_yuan	本人	../立绘/名/公孙渊.png
花鬘	hua_man	本人	../立绘/名/花鬘.png
普净	pu_jing	本人	../立绘/名/普净.png
侯成	hou_cheng	本人	../立绘/骁/侯成.png
宋宪	song_xian	本人	../立绘/骁/宋宪.png
魏续	wei_xu	本人	../立绘/骁/魏续.png
张勋	zhang_xun	本人	../立绘/骁/张勋.png
桥蕤	qiao_rui	本人	../立绘/骁/桥蕤.png
张济	zhang_ji	本人	../立绘/骁/张济.png
樊稠	fan_chou	本人	../立绘/骁/樊稠.png
牛辅	niu_fu	本人	../立绘/骁/牛辅.png
张允	zhang_yun	本人	../立绘/骁/张允.png
泠苞	ling_bao	本人	../立绘/骁/泠苞.png
邓贤	deng_xian	本人	../立绘/骁/邓贤.png
刘璝	liu_gui	本人	../立绘/骁/刘璝.png
鲍信	bao_xin	本人	../立绘/骁/鲍信.png
张邈	zhang_miao	本人	../立绘/骁/张邈.png
王匡	wang_kuang	本人	../立绘/骁/王匡.png
刘岱	liu_dai	本人	../立绘/骁/刘岱.png
何进	he_jin	本人	../立绘/骁/何进.png
伏皇后	fu_huang_hou	本人	../立绘/骁/伏皇后.png
曹性	x13	范式	../立绘/校_范式/X13.png
郝萌	x13	范式	../立绘/校_范式/X13.png
雷薄	x16	范式	../立绘/校_范式/X16.png
陈兰	x16	范式	../立绘/校_范式/X16.png
杨昂	x15	范式	../立绘/校_范式/X15.png
杨任	x15	范式	../立绘/校_范式/X15.png
韩猛	x15	范式	../立绘/校_范式/X15.png
蒋义渠	x14	范式	../立绘/校_范式/X14.png
邢道荣	x14	范式	../立绘/校_范式/X14.png
潘凤	x14	范式	../立绘/校_范式/X14.png
俞涉	x13	范式	../立绘/校_范式/X13.png
武安国	x16	范式	../立绘/校_范式/X16.png
李肃	x17	范式	../立绘/校_范式/X17.png
董旻	x17	范式	../立绘/校_范式/X17.png
穆顺	x17	范式	../立绘/校_范式/X17.png
张让	x18	范式	../立绘/校_范式/X18.png
杨松	x19	范式	../立绘/校_范式/X19.png
王累	x19	范式	../立绘/校_范式/X19.png
韩浩	han_hao	本人	../立绘/骁/韩浩.png
史涣	shi_huan	本人	../立绘/骁/史涣.png
牛金	niu_jin	本人	../立绘/骁/牛金.png
朱灵	zhu_ling	本人	../立绘/骁/朱灵.png
曹昂	cao_ang	本人	../立绘/骁/曹昂.png
夏侯恩	xia_hou_en	本人	../立绘/骁/夏侯恩.png
吕虔	lv_qian	本人	../立绘/骁/吕虔.png
蔡阳	cai_yang	本人	../立绘/骁/蔡阳.png
车胄	che_zhou	本人	../立绘/骁/车胄.png
秦琪	qin_qi	本人	../立绘/骁/秦琪.png
王凌	wang_ling	本人	../立绘/骁/王凌.png
毌丘俭	guan_qiu_jian	本人	../立绘/骁/毌丘俭.png
诸葛诞	zhu_ge_dan	本人	../立绘/骁/诸葛诞.png
文钦	wen_qin	本人	../立绘/骁/文钦.png
田豫	tian_yu	本人	../立绘/骁/田豫.png
王经	wang_jing	本人	../立绘/骁/王经.png
韩龙	han_long	本人	../立绘/骁/韩龙.png
毛玠	mao_jie	本人	../立绘/骁/毛玠.png
董昭	dong_zhao	本人	../立绘/骁/董昭.png
蒋济	jiang_ji	本人	../立绘/骁/蒋济.png
孔秀	x06	范式	../立绘/校_范式/X06.png
韩福	x07	范式	../立绘/校_范式/X07.png
孟坦	x06	范式	../立绘/校_范式/X06.png
卞喜	x06	范式	../立绘/校_范式/X06.png
王植	x07	范式	../立绘/校_范式/X07.png
夏侯杰	x07	范式	../立绘/校_范式/X07.png
曹安民	x05	范式	../立绘/校_范式/X05.png
许仪	x05	范式	../立绘/校_范式/X05.png
成济	x05	范式	../立绘/校_范式/X05.png
贾充	x08	范式	../立绘/校_范式/X08.png
糜芳	mi_fang	本人	../立绘/骁/糜芳.png
傅士仁	fu_shi_ren	本人	../立绘/骁/傅士仁.png
孟达	meng_da	本人	../立绘/骁/孟达.png
吴班	wu_ban	本人	../立绘/骁/吴班.png
马忠	ma_zhong	本人	../立绘/骁/马忠.png
雷铜	lei_tong	本人	../立绘/骁/雷铜.png
吴兰	wu_lan	本人	../立绘/骁/吴兰.png
高翔	gao_xiang	本人	../立绘/骁/高翔.png
陈式	chen_shi	本人	../立绘/骁/陈式.png
句扶	ju_fu	本人	../立绘/骁/句扶.png
向宠	xiang_chong	本人	../立绘/骁/向宠.png
阎宇	yan_yu	本人	../立绘/骁/阎宇.png
王甫	wang_fu	本人	../立绘/骁/王甫.png
赵累	zhao_lei	本人	../立绘/骁/赵累.png
黄权	huang_quan	本人	../立绘/骁/黄权.png
范疆	x01	范式	../立绘/校_范式/X01.png
张达	x01	范式	../立绘/校_范式/X01.png
马邈	x01	范式	../立绘/校_范式/X01.png
黄皓	x02	范式	../立绘/校_范式/X02.png
樊建	x03	范式	../立绘/校_范式/X03.png
郤正	x03	范式	../立绘/校_范式/X03.png
刘禅	x04	范式	../立绘/校_范式/X04.png
马忠（吴）	ma_zhong_（_wu_）	本人	../立绘/骁/马忠（吴）.png
谢旌	xie_jing	本人	../立绘/骁/谢旌.png
谭雄	tan_xiong	本人	../立绘/骁/谭雄.png
宋谦	song_qian	本人	../立绘/骁/宋谦.png
贾华	jia_hua	本人	../立绘/骁/贾华.png
周善	zhou_shan	本人	../立绘/骁/周善.png
韩综	han_zong	本人	../立绘/骁/韩综.png
孙翊	sun_yi	本人	../立绘/骁/孙翊.png
谷利	gu_li	本人	../立绘/骁/谷利.png
孙静	sun_jing	本人	../立绘/骁/孙静.png
张温	zhang_wen	本人	../立绘/骁/张温.png
薛综	xue_zong	本人	../立绘/骁/薛综.png
严畯	yan_jun	本人	../立绘/骁/严畯.png
程秉	cheng_bing	本人	../立绘/骁/程秉.png
是仪	shi_yi	本人	../立绘/骁/是仪.png
孙皓	x12	范式	../立绘/校_范式/X12.png
岑昏	x10	范式	../立绘/校_范式/X10.png
万彧	x11	范式	../立绘/校_范式/X11.png
张悌	x11	范式	../立绘/校_范式/X11.png
沈莹	x09	范式	../立绘/校_范式/X09.png
程远志	cheng_yuan_zhi	本人	../立绘/骁/程远志.png
波才	bo_cai	本人	../立绘/骁/波才.png
孟优	meng_you	本人	../立绘/骁/孟优.png
迷当大王	mi_dang_da_wang	本人	../立绘/骁/迷当大王.png
邓茂	x20	范式	../立绘/校_范式/X20.png
韩忠	x20	范式	../立绘/校_范式/X20.png
赵弘	x20	范式	../立绘/校_范式/X20.png
孙仲	x21	范式	../立绘/校_范式/X21.png
严政	x21	范式	../立绘/校_范式/X21.png
裴元绍	x21	范式	../立绘/校_范式/X21.png
带来洞主	x22	范式	../立绘/校_范式/X22.png
忙牙长	x23	范式	../立绘/校_范式/X23.png
金环三结	x22	范式	../立绘/校_范式/X22.png
董荼那	x22	范式	../立绘/校_范式/X22.png
阿会喃	x23	范式	../立绘/校_范式/X23.png
徹里吉	x24	范式	../立绘/校_范式/X24.png
X01	x01	范式图	../立绘/校_范式/X01.png
X02	x02	范式图	../立绘/校_范式/X02.png
X03	x03	范式图	../立绘/校_范式/X03.png
X04	x04	范式图	../立绘/校_范式/X04.png
X05	x05	范式图	../立绘/校_范式/X05.png
X06	x06	范式图	../立绘/校_范式/X06.png
X07	x07	范式图	../立绘/校_范式/X07.png
X08	x08	范式图	../立绘/校_范式/X08.png
X09	x09	范式图	../立绘/校_范式/X09.png
X10	x10	范式图	../立绘/校_范式/X10.png
X11	x11	范式图	../立绘/校_范式/X11.png
X12	x12	范式图	../立绘/校_范式/X12.png
X13	x13	范式图	../立绘/校_范式/X13.png
X14	x14	范式图	../立绘/校_范式/X14.png
X15	x15	范式图	../立绘/校_范式/X15.png
X16	x16	范式图	../立绘/校_范式/X16.png
X17	x17	范式图	../立绘/校_范式/X17.png
X18	x18	范式图	../立绘/校_范式/X18.png
X19	x19	范式图	../立绘/校_范式/X19.png
X20	x20	范式图	../立绘/校_范式/X20.png
X21	x21	范式图	../立绘/校_范式/X21.png
X22	x22	范式图	../立绘/校_范式/X22.png
X23	x23	范式图	../立绘/校_范式/X23.png
X24	x24	范式图	../立绘/校_范式/X24.png
黄巾兵	mob_huangjin	杂兵	../立绘/杂兵/黄巾兵.png
汉军郡兵	mob_hanjun	杂兵	../立绘/杂兵/汉军郡兵.png
西凉兵	mob_xiliang	杂兵	../立绘/杂兵/西凉兵.png
并州骑	mob_bingzhou	杂兵	../立绘/杂兵/并州骑.png
袁军步卒	mob_yuanjun	杂兵	../立绘/杂兵/袁军步卒.png
荆州水军	mob_jingzhou	杂兵	../立绘/杂兵/荆州水军.png
魏卒·刀盾	mob_wei_daodun	杂兵	../立绘/杂兵/魏卒·刀盾.png
魏卒·弓手	mob_wei_gongshou	杂兵	../立绘/杂兵/魏卒·弓手.png
虎豹骑	mob_hubaoqi	杂兵	../立绘/杂兵/虎豹骑.png
蜀卒·长枪	mob_shu_changqiang	杂兵	../立绘/杂兵/蜀卒·长枪.png
蜀卒·弩手	mob_shu_nushou	杂兵	../立绘/杂兵/蜀卒·弩手.png
吴卒·环刀	mob_wu_huandao	杂兵	../立绘/杂兵/吴卒·环刀.png
吴卒·水军	mob_wu_shuijun	杂兵	../立绘/杂兵/吴卒·水军.png
南蛮兵	mob_nanman	杂兵	../立绘/杂兵/南蛮兵.png
藤甲兵	mob_tengjia	杂兵	../立绘/杂兵/藤甲兵.png
羌胡骑	mob_qianghu	杂兵	../立绘/杂兵/羌胡骑.png
神·曹操	god_cao_cao	神	../立绘/神/神·曹操.png
神·张辽	god_zhang_liao	神	../立绘/神/神·张辽.png
神·司马懿	god_si_ma_yi	神	../立绘/神/神·司马懿.png
神·郭嘉	god_guo_jia	神	../立绘/神/神·郭嘉.png
神·典韦	god_dian_wei	神	../立绘/神/神·典韦.png
神·刘备	god_liu_bei	神	../立绘/神/神·刘备.png
神·关羽	god_guan_yu	神	../立绘/神/神·关羽.png
神·张飞	god_zhang_fei	神	../立绘/神/神·张飞.png
神·赵云	god_zhao_yun	神	../立绘/神/神·赵云.png
神·诸葛亮	god_zhu_ge_liang	神	../立绘/神/神·诸葛亮.png
神·孙权	god_sun_quan	神	../立绘/神/神·孙权.png
神·孙策	god_sun_ce	神	../立绘/神/神·孙策.png
神·周瑜	god_zhou_yu	神	../立绘/神/神·周瑜.png
神·陆逊	god_lu_xun	神	../立绘/神/神·陆逊.png
神·甘宁	god_gan_ning	神	../立绘/神/神·甘宁.png
神·吕布	god_lv_bu	神	../立绘/神/神·吕布.png
神·貂蝉	god_diao_chan	神	../立绘/神/神·貂蝉.png
神·华佗	god_hua_tuo	神	../立绘/神/神·华佗.png
神·张角	god_zhang_jiao	神	../立绘/神/神·张角.png
神·袁绍	god_yuan_shao	神	../立绘/神/神·袁绍.png
