名	DSL
刘备	指挥 | buff(aall,def,8); rend:heal(ahpmin,5); rend:heal(ahpmin2,5)
关羽	瞬发 45 | custom(关羽斩V7)
张飞	瞬发 40 | dmg(eall,0.7); st(last,震慑,1,50)
赵云	追击 55 | custom(赵云七进七出4); rstart:custom(赵云追击率)
马超	兵种 | buff(self,agi,8); atk:dmg(other,0.8)@r<=5; rend:custom(马超后期)
黄忠	瞬发 45 | custom(黄忠老当益壮V7)
诸葛亮	准备 45 | dmg(eall,0.7,mag); dot(last,灼烧,3,2)
庞统	瞬发 40 | custom(庞统连环4)
姜维	瞬发 40 | custom(姜维九伐V7)
法正	指挥 | buff(aagimax,rate,25,3); buff(edefmax,def,-12,3)
曹操	指挥 | buff(aall,atk,6); buff(aall,int,6); rend:heal(self,3); allydeath:custom(曹操负人)
张辽	瞬发 35f | dmg(e5,1.2)@first; dmg(e3,1.2)@notfirst; st(last,怯战,1,40); setup:buff(self,agi,50,1)
典韦	被动 | setup:buff(self,def,10); sub(ahpmin,50,0.55)
许褚	瞬发 38 | custom(许褚裸衣15); hit:custom(许褚受击); rend:custom(许褚回合)
夏侯惇	被动 | hit:dmg(src,1.2); rend:buff(self,atk,12)@hp<50,once
郭嘉	指挥 | buff(eintmax,rate,-15); buff(aall,int,5); death:custom(郭嘉遗计2)
荀彧	瞬发 45 | st(e1,混乱,2); dmg(last,1.0,mag); heal(ahpmin,8)
司马懿	准备 50 | custom(司马懿鹰视B4); myprep:custom(司马懿记账起); hit:custom(司马懿记账收); setup:flag(prep_guard,0.3)
贾诩	瞬发 40 | st(e1,计穷,2); st(last,迷惑,2); dmg(last,1.0,mag)
邓艾	指挥 | st(self,隐身,2); rstart:custom(邓艾阴平3)
孙坚	追击 50 | buff(self,crit,100,1)@hp>50; dmg(tgt,1.1)
孙策	瞬发 50 | dmg(e1,2.8); st(last,挑衅,1); hit:custom(孙策叠层)
孙权	指挥 | buff(aall,def,8); buff(arole:文臣,int,6); rend:heal(aall,3)@every2
周瑜	瞬发 40 | dmg(eall,0.8,mag); dot(last,灼烧,3,2)
陆逊	瞬发 50 | custom(陆逊潜渊2)
太史慈	追击 70 | custom(太史慈神射)
甘宁	瞬发 35f | dmg(e5,1.2)@first; dmg(e3,1.2)@notfirst; dmg(last,0.4)@fastest; setup:buff(self,dodge,25,2)
吕蒙	准备 40 | dmg(ehpmax,2.8); st(last,缴械,2); myprep:st(self,隐身,1)
吕布	被动 | setup:flag(double_attack); setup:buff(self,dmgin,10); hit:custom(吕布围攻2); setup:flag(ignore,0.25)
董卓	被动 | dealt:custom(董卓吸血); rend:buff(self,def,12,1)@hp>60
貂蝉	瞬发 40 | st(eatk2,迷惑,2); dmg(last,1.0,mag)
华佗	瞬发 55 | heal(ahpmin,12); cleanse(last); allydeath:custom(华佗刮骨2)
王允	指挥 | custom(王允反目); rend:custom(王允互伤5)
陈宫	指挥 | shield(afront3,15); rend:custom(陈宫犄角)
袁绍	指挥 | buff(aall,atk,12); buff(aall,def,12); buff(aall,dmgin,-8); flag(no_active); rstart:custom(袁绍人多)
左慈	瞬发 35 | st(e4,混乱,1); dmg(last,0.6,mag); lethal:revive(1)@once; lethal:st(self,隐身,1)
