名	技能系数
刘备	0.300
关羽	0.153
张飞	0.093
赵云	0.280
马超	0.153
黄忠	0.247
诸葛亮	0.167
庞统	0.240
姜维	0.213
法正	0.200
曹操	0.153
张辽	0.260
典韦	0.100
许褚	0.053
夏侯惇	0.247
郭嘉	0.120
荀彧	0.067
司马懿	0.320
贾诩	0.227
邓艾	0.190
孙坚	0.140
孙策	0.160
孙权	0.280
周瑜	0.173
陆逊	0.173
太史慈	0.193
甘宁	0.340
吕蒙	0.080
吕布	0.107
董卓	0.173
貂蝉	0.187
华佗	0.233
王允	0.053
陈宫	0.240
袁绍	0.313
左慈	0.193
华雄	0.147
颜良	0.087
文丑	0.127
高顺	0.260
张绣	0.287
公孙瓒	0.193
马腾	0.207
张任	0.060
皇甫嵩	0.273
田丰	0.087
沮授	0.307
李儒	0.153
于吉	0.233
夏侯渊	0.193
张郃	0.380
徐晃	0.087
于禁	0.167
乐进	0.153
庞德	0.060
曹仁	0.147
曹真	0.033
曹彰	0.180
郭淮	0.027
荀攸	0.213
程昱	0.227
钟会	0.127
蔡文姬	0.167
戏志才	0.093
魏延	0.273
关平	0.047
关兴	0.293
张苞	0.133
王平	0.177
马岱	0.060
严颜	0.060
夏侯霸	0.193
孙尚香	0.160
徐庶	0.073
马良	0.107
黄月英	0.247
蒋琬	0.297
陈到	0.213
黄盖	0.073
程普	0.067
韩当	0.053
周泰	0.057
凌统	0.200
丁奉	0.180
徐盛	0.140
陆抗	0.160
鲁肃	0.187
诸葛瑾	0.160
小乔	0.180
张昭	0.157
张角	0.227
孟获	0.133
李傕	0.220
郭汜	0.120
徐荣	0.160
韩遂	0.080
麹义	0.110
高览	0.027
淳于琼	0.027
纪灵	0.200
蔡瑁	0.103
黄祖	0.040
朱儁	0.013
阎行	0.213
臧洪	0.100
丁原	0.050
吕玲绮	0.153
刘表	0.140
刘璋	0.120
袁术	0.033
陶谦	0.233
汉献帝	0.200
董承	0.053
吉平	0.187
刘虞	0.213
许劭	0.133
曹节	0.240
张鲁	0.220
孔融	0.247
卢植	0.077
审配	0.127
逢纪	0.080
郭图	0.060
许攸	0.127
蹇硕	0.093
祢衡	0.033
蒯良	0.180
蒯越	0.100
曹洪	0.073
曹休	0.180
曹纯	0.120
夏侯尚	0.060
李典	0.140
臧霸	0.240
文聘	0.073
文鸯	0.213
郝昭	0.233
王双	0.107
陈泰	0.107
王濬	0.127
李进	0.060
阎柔	0.173
王异	0.213
司马师	0.133
司马昭	0.107
满宠	0.077
刘晔	0.133
王朗	0.160
华歆	0.120
杜预	0.087
杨阜	0.100
马钧	0.127
管辂	0.087
杨修	0.013
陈登	0.160
陈群	0.147
钟繇	0.120
羊祜	0.180
曹丕	0.060
甄姬	0.123
田畴	0.353
张春华	0.107
廖化	0.067
周仓	0.047
吴懿	0.040
张翼	0.107
张嶷	0.007
傅佥	0.060
诸葛瞻	0.007
霍峻	0.193
罗宪	0.100
李严	0.107
刘封	0.160
关索	0.157
鲍三娘	0.140
傅肜	0.067
柳隐	0.113
习珍	0.020
关银屏	0.153
马云禄	0.047
邓芝	0.100
秦宓	0.140
马谡	0.407
杨仪	0.077
谯周	0.140
张松	0.247
董允	0.187
费祎	0.120
糜竺	0.187
简雍	0.187
孙乾	0.013
伊籍	0.183
糜夫人	0.067
刘巴	0.107
蒲元	0.183
蒋钦	0.073
陈武	0.253
董袭	0.060
潘璋	0.123
朱桓	0.063
朱然	0.147
全琮	0.220
凌操	0.113
朱治	0.073
吕岱	0.060
贺齐	0.173
留赞	0.060
诸葛恪	0.327
步骘	0.107
阚泽	0.193
虞翻	0.113
陆凯	0.070
周鲂	0.263
徐氏	0.120
吕范	0.090
顾雍	0.020
张纮	0.080
大乔	0.113
吴国太	0.120
张宝	0.200
张梁	0.273
管亥	0.027
张燕	0.020
祝融	0.133
沙摩柯	0.160
兀突骨	0.130
木鹿大王	0.313
朵思大王	0.290
越吉元帅	0.100
蹋顿	0.147
轲比能	0.127
公孙渊	0.093
花鬘	0.063
普净	0.147
侯成	0.020
宋宪	0.247
魏续	0.080
张勋	0.033
桥蕤	0.073
张济	0.133
樊稠	0.280
牛辅	0.073
张允	0.127
泠苞	0.200
邓贤	0.127
刘璝	0.087
鲍信	0.053
张邈	0.107
王匡	0.100
刘岱	0.040
何进	0.187
伏皇后	0.147
曹性	0.123
郝萌	0.097
雷薄	0.080
陈兰	0.070
杨昂	0.187
杨任	0.140
韩猛	0.127
蒋义渠	0.040
邢道荣	0.053
潘凤	0.113
俞涉	0.047
武安国	0.140
李肃	0.160
董旻	0.067
穆顺	0.140
张让	0.143
杨松	0.027
王累	0.167
韩浩	0.233
史涣	0.133
牛金	0.280
朱灵	0.267
曹昂	0.080
夏侯恩	0.073
吕虔	0.073
蔡阳	0.187
车胄	0.080
秦琪	0.033
王凌	0.067
毌丘俭	0.187
诸葛诞	0.193
文钦	0.120
田豫	0.060
王经	0.047
韩龙	0.227
毛玠	0.140
董昭	0.147
蒋济	0.207
孔秀	0.100
韩福	0.087
孟坦	0.033
卞喜	0.293
王植	0.150
夏侯杰	0.120
曹安民	0.093
许仪	0.053
成济	0.200
贾充	0.167
糜芳	0.087
傅士仁	0.073
孟达	0.127
吴班	0.140
马忠	0.100
雷铜	0.127
吴兰	0.193
高翔	0.107
陈式	0.087
句扶	0.107
向宠	0.127
阎宇	0.040
王甫	0.193
赵累	0.127
黄权	0.180
范疆	0.120
张达	0.127
马邈	0.137
黄皓	0.107
樊建	0.200
郤正	0.143
刘禅	0.180
马忠（吴）	0.220
谢旌	0.167
谭雄	0.160
宋谦	0.053
贾华	0.093
周善	0.047
韩综	0.033
孙翊	0.140
谷利	0.093
孙静	0.200
张温	0.167
薛综	0.213
严畯	0.120
程秉	0.160
是仪	0.100
孙皓	0.103
岑昏	0.173
万彧	0.260
张悌	0.120
沈莹	0.147
程远志	0.213
波才	0.013
孟优	0.080
迷当大王	0.133
邓茂	0.077
韩忠	0.153
赵弘	0.140
孙仲	0.113
严政	0.073
裴元绍	0.087
带来洞主	0.060
忙牙长	0.253
金环三结	0.120
董荼那	0.093
阿会喃	0.107
徹里吉	0.087
