名	品阶	技能	类型	发动	效果	期望
刘备	无双	仁德	指挥	—	开场全队统率 +8%。此后每回合末，我方当前兵力比例最低的一人回兵 5% 上限。	
关羽	无双	温酒斩将	主动·瞬发	45%	对敌方当前兵力最高者造成 2.6 倍兵刃伤害。若目标兵力已低于 30%，改为直接斩杀（每场一次）。	0.72
张飞	无双	当阳一吼	主动·准备	45%	准备一回合。对敌全体 0.8 倍兵刃伤害，50% 震慑 1 回合；速度低于张飞的目标必中。	1.84
赵云	无双	七进七出	追击	55%	普攻后追击 1.2 倍。追击命中的目标兵力低于 50% 时再追一段，最多三段。自身兵力每少 10%，追击率 +3%。	0.66
马超	无双	神威天将军	兵种·西凉铁骑	—	前三回合马超每次普攻附带对另一随机目标 0.6 倍冲撞。第四回合起改为每回合武力 +3%（上限 +12%）。	
黄忠	无双	百步穿杨	主动·瞬发	45%	对敌方统率最低者 2.4 倍兵刃，必中，暴击率 +40%。每过一回合倍率 +0.1（老当益壮，上限 +0.8）。	0.63
诸葛亮	无双	借东风	主动·准备	50%	准备一回合。对敌全体 0.9 倍谋略伤害，灼烧 2 回合。	1.77
庞统	无双	连环	主动·瞬发	40%	给敌方 3 人挂「连环」2 回合：其中任一人受到伤害时，其余连环者受该伤害的 15%。	-0.28
姜维	无双	九伐	主动·瞬发	45%	对敌方 2 人 1.8 倍伤害（武力、智力取高者结算）。每发动一次，本场倍率 +0.15，上限 +0.9。	0.93
法正	无双	奇谋定军	指挥	—	开场我方速度最高者前两回合主动发动率 +25%；敌方统率最高者破甲 12% 三回合。	
曹操	无双	宁教我负人	指挥	—	开场全队武力、智力 +6%。每回合末曹操从我方兵力最高者抽 3% 兵到自己（自己最高则不抽）。我方每有一人退场，全队武力 +4%（最多三次）。	
张辽	无双	威震逍遥津	主动·瞬发	首回合必发，之后 40%	对敌方 3 人 1.5 倍兵刃，40% 怯战 1 回合。首回合张辽必定先手。	1.64
典韦	无双	戟护中军	被动	—	我方兵力最低者受到单体攻击时，典韦 50% 替他承受，所受伤害 −30%。典韦兵力低于 30% 后替受率 100%、减伤取消。	
许褚	无双	裸衣	主动·瞬发	45%	卸甲两回合：自身统率 −30%。对单体 3.0 倍兵刃。卸甲期间每受一次伤害，下次「裸衣」倍率 +0.3。	0.9
夏侯惇	无双	拔矢啖睛	被动	—	受到暴击或谋略伤害后立即反击 1.2 倍（每回合一次）。兵力首次低于 50% 时，武力 +12% 直到战斗结束。	
郭嘉	无双	遗计	指挥	—	开场标记敌方智力最高者：其主动发动率 −15%。郭嘉退场时，我方随机一人获得「遗计」：下一次主动技能必发且倍率 +50%。	
荀彧	无双	驱虎吞狼	主动·瞬发	40%	敌方随机一人混乱 1 回合，同时我方兵力最低者回兵 8%。	0.72
司马懿	无双	鹰视狼顾	主动·准备	45%	准备一回合，记下准备期间自己受到的总伤害。结算时对敌全体造成（记账伤害 × 0.8 + 1.0 倍谋略）；若准备期间没受伤，改为对单体 2.5 倍谋略。	1.12
贾诩	无双	抹书	主动·瞬发	40%	敌方随机一人计穷 2 回合，并迷惑 1 回合。	0.48
邓艾	无双	偷渡阴平	指挥	—	前两回合邓艾隐身。第三回合开始时，对敌方速度最低的 2 人造成 2.0 倍兵刃，无视其 50% 统率。	
孙坚	无双	江东猛虎	追击	50%	普攻后追击 1.1 倍。自身兵力高于 70% 时追击必定暴击。	0.55
孙策	无双	霸王	主动·瞬发	50%	对单体 2.2 倍兵刃并挑衅 1 回合。孙策每被攻击一次武力 +4%，最多五层。	0.95
孙权	无双	坐断东南	指挥	—	开场全队统率 +8%，我方文臣智力 +6%。每三回合末全队回兵 4%。	
周瑜	无双	赤壁	主动·准备	50%	准备一回合。对敌全体 1.0 倍谋略，灼烧 2 回合。阵中有诸葛亮时不需准备（羁绊）。	2.23
陆逊	无双	潜渊	主动·瞬发	前三回合不发；第四回合起 60%	前三回合不发技，每回合智力 +3%。第四回合起对敌全体 0.9 倍谋略，灼烧 3 回合。	3.18
太史慈	无双	神射	追击	60%	普攻后追击 1.0 倍，必中，可打任意目标。追击命中正在准备技能的人则打断其准备。	0.6
甘宁	无双	百骑劫营	主动·瞬发	首回合必发，之后 40%	对敌方 3 人 1.4 倍兵刃；甘宁是全场速度最高者时倍率 +0.4。前两回合自身闪避 +25%。	1.23
吕蒙	无双	白衣渡江	主动·准备	45%	准备一回合，准备期间隐身。结算对敌方兵力最高者 2.8 倍兵刃并缴械 1 回合。	0.76
吕布	无双	人中吕布	被动	—	每回合普攻两次。同一回合被三人以上攻击时，下回合武力 +15%。受到的伤害 +10%。	
董卓	无双	暴熊	被动	—	造成伤害的 25% 转为回兵。兵力高于 80% 时统率 +12%。每回合末自损 2% 兵力。	
貂蝉	无双	闭月	主动·瞬发	45%	敌方武力最高者迷惑 2 回合。目标是吕布或董卓时必中且 3 回合。	0.18
华佗	无双	青囊	主动·瞬发	55%	我方兵力最低者回兵 12% 上限，清除其中毒、灼烧。每场一次：我方有人退场的当回合，华佗以 30% 兵力将其救回。	0.72
王允	无双	连环计	指挥	—	开场敌方武力最高者与智力最高者「反目」全场：二人的技能不作用于对方，每回合末互受 3% 兵力真实伤害。	
陈宫	无双	犄角之势	指挥	—	开场我方前排 3 人各得 10% 兵力护盾。陈宫在场时，同一回合受到两次以上攻击的我方将领，下回合统率 +10%。	
袁绍	无双	四世三公	指挥	—	开场全队武力、统率 +5%；我方在场人数多于敌方时再 +5%。袁绍本人不发主动技。	
左慈	无双	掷杯戏曹	主动·瞬发	40%	敌方随机 3 人混乱 1 回合。左慈受到致命伤害时免死一次并隐身 1 回合（每场一次）。	0.4
华雄	虎	连斩	主动·瞬发	42%	对敌方兵力最低者 2.0 倍兵刃。若击杀，本回合立刻再对随机一人普攻一次。	0.42
颜良	虎	麾盖	被动	—	前两回合普攻倍率 +0.4；第三回合起 −0.2。	
文丑	虎	冲阵	追击	50%	普攻后对另一随机目标追击 0.9 倍。	0.45
高顺	虎	陷阵营	兵种	—	高顺普攻必中，无视目标 20% 统率。每回合末我方前排统率最低者得 5% 兵力护盾。	
张绣	虎	宛城夜袭	主动·瞬发	首回合必发，之后 35%	对敌方速度最低者 2.2 倍兵刃。首回合发动时附带缴械 1 回合。	0.9
公孙瓒	虎	白马义从	兵种	—	全队速度 +6%。公孙瓒普攻附带对目标相邻一人 0.5 倍。公孙瓒受到的谋略伤害 +15%。	
马腾	虎	西凉盟主	指挥	—	我方汉阵营将领武力 +6%。每回合末我方速度最高者回兵 3%。	
张任	虎	落凤伏弩	主动·准备	40%	准备一回合。对敌方智力最高者 2.6 倍兵刃并计穷 1 回合。	0.56
皇甫嵩	虎	长社纵火	主动·瞬发	40%	对敌方 3 人 1.0 倍兵刃，灼烧 2 回合（按皇甫嵩智力算）。	0.86
田丰	虎	死谏	指挥	—	敌方主动发动率最高的一人，全场发动率 −12%。田丰退场时我方全体解控一次。	
沮授	虎	分兵	主动·瞬发	45%	驱散敌方 2 人。被驱散者本回合速度 −10%。	-0.09
李儒	虎	鸩酒	主动·瞬发	40%	敌方兵力最高者中毒 3 回合，每回合 3% 兵力上限。	-0.08
于吉	虎	符水	主动·瞬发	50%	我方随机 2 人回兵 6%。敌方随机 1 人「诅咒」2 回合：受到的治疗改为等量伤害。	0.1
夏侯渊	虎	三日五百	追击	55%	普攻后追击 1.0 倍。夏侯渊是本回合第一个行动的人时追击 1.4 倍。	0.55
张郃	虎	巧变	被动	—	受到攻击时 25% 闪避。闪避后下一次普攻倍率 +0.5。	
徐晃	虎	长驱	主动·瞬发	40%	对敌方兵力最高者 2.2 倍兵刃。先击破目标护盾再结算。	0.48
于禁	虎	严整	指挥	—	我方全体统率 +8%。我方受到混乱、迷惑时 30% 抵抗。	
乐进	虎	先登	追击	50%	普攻后追击 1.0 倍。目标兵力高于 80% 时追击必定暴击。	0.5
庞德	虎	抬榇	被动	—	兵力低于 40% 后武力 +15%，免疫怯战、挑衅。每回合末自损 1%。	
曹仁	虎	八门金锁	指挥	—	我方前排三人统率 +8%。曹仁在场时敌方追击率 −10%。	
曹真	虎	都督	指挥	—	我方魏阵营将领统率 +6%。每三回合末我方随机一人解控。	
曹彰	虎	黄须	主动·瞬发	42%	对单体 2.4 倍兵刃。击杀后武力 +4%，最多三层。	0.59
郭淮	虎	陇西	被动	—	每回合末，本回合未受伤害则统率 +3%（最多四层）；受到伤害清零。	
荀攸	虎	奇策	主动·瞬发	45%	敌方随机一人计穷 1 回合并破甲 10% 两回合。	-0.09
程昱	虎	十面埋伏	主动·准备	42%	准备一回合。对敌方 3 人 1.5 倍谋略，其中速度最低者怯战 1 回合。	1.02
钟会	虎	野心	被动	—	我方有人退场时钟会武力、智力各 +5%（最多三层）。敌方有人退场时钟会回兵 5%。	
蔡文姬	虎	胡笳	主动·瞬发	50%	我方 2 人解控并回兵 5%。	0.5
戏志才	虎	先知	指挥	—	我方首回合速度 +10%。敌方首回合主动发动率 −15%。	
魏延	虎	子午奇兵	主动·瞬发	38%	对敌方速度最低的 2 人 1.8 倍兵刃。魏延不在前排时倍率 +0.4。	0.78
关平	虎	护父	被动	—	关羽在场时关平统率 +8%，关羽受到单体攻击时关平 40% 替受、伤害 −20%。关羽不在场时改为自身武力 +6%。	
关兴	虎	复仇	主动·瞬发	42%	对单体 2.2 倍兵刃。目标本场击杀过我方将领时倍率 +1.0。	0.5
张苞	虎	猛子	追击	50%	普攻后追击 1.0 倍。关兴在场时张苞追击后关兴也追击 0.6 倍。	0.5
王平	虎	无当飞军	兵种	—	王平受到的谋略伤害 −20%，闪避 +10%。王平在场时我方前排受到的追击伤害 −15%。	
马岱	虎	谁敢杀我	被动	—	敌方开始准备技能时，马岱 30% 立即对其攻击 1.2 倍并中断准备。	
严颜	虎	断头将军	被动	—	兵力低于 50% 时统率 +12%，免疫挑衅、震慑。退场时对最后攻击者造成 1.5 倍兵刃。	
夏侯霸	虎	归蜀	被动	—	魏阵营对夏侯霸的伤害 −15%，夏侯霸对魏阵营伤害 +10%。	
孙尚香	虎	弓腰姬	追击	55%	普攻后对敌方速度最高者追击 0.9 倍。刘备在场时 1.2 倍。	0.5
徐庶	虎	一言不发	指挥	—	敌方智力最高者计穷 2 回合。	
马良	虎	白眉	指挥	—	我方蜀阵营文臣智力 +6%。我方控制类技能命中 +10%。	
黄月英	虎	诸葛连弩	主动·准备	40%	准备一回合。对敌全体 0.9 倍谋略，破甲 8% 两回合。	0.82
蒋琬	虎	治国	指挥	—	我方全体兵力上限 +5%。每回合末我方兵力最低者回兵 3%。	
陈到	虎	白毦兵	兵种	—	我方前排三人各得 8% 兵力护盾。陈到普攻附带对另一目标 0.4 倍。护盾被击破的将领统率 +5% 两回合。	
黄盖	虎	苦肉计	被动	—	兵力每少 20%，武力 +4%（最多四层）。兵力低于 30% 时普攻附带灼烧 1 回合。	
程普	虎	铁脊蛇矛	追击	48%	普攻后追击 1.0 倍。我方吴阵营在场三人以上时追击 1.3 倍。	0.48
韩当	虎	解烦兵	兵种	—	韩当受到的控制持续 −1 回合。受到伤害后 35% 反击 0.8 倍。敌方对韩当的追击伤害 −30%。	
周泰	虎	护主	被动	—	孙权、孙策受到单体攻击时周泰 60% 替受，伤害 −25%。替受满三次后周泰统率 +10%。	
凌统	虎	与父仇	主动·瞬发	42%	对单体 2.0 倍兵刃并怯战 1 回合。	0.67
丁奉	虎	雪中奋短兵	主动·瞬发	40%	对敌方 3 人 1.3 倍兵刃。丁奉速度低于目标时对该目标倍率 +0.3。	0.93
徐盛	虎	疑城	指挥	—	敌方前两回合主动发动率 −10%，首回合普攻 30% 落空。	
陆抗	虎	守荆州	被动	—	统率 +8%。陆抗在场时我方每回合末回兵 2%。敌方有羊祜时两人互不选对方为目标。	
鲁肃	虎	榻上策	指挥	—	我方全体智力 +6%。我方吴、蜀阵营同在时统率再 +4%。	
诸葛瑾	虎	使者	主动·瞬发	48%	我方随机 2 人回兵 6%，驱散敌方随机 1 人。	0.48
小乔	虎	琴瑟	主动·瞬发	50%	我方兵力最低者回兵 8%。周瑜在场时周瑜的准备两回合内不被打断。	-0.1
张昭	虎	舌战	主动·瞬发	42%	敌方智力最低者计穷 2 回合。张昭受到的谋略伤害 +15%。	-0.08
张角	虎	太平要术	主动·准备	40%	准备一回合。对敌全体 0.9 倍谋略，30% 混乱 1 回合。	2.16
孟获	虎	屡败屡战	被动	—	退场时以 25% 兵力回场一次（每场一次），回场后统率 +5%。	
李傕	名	反攻长安	主动·瞬发	40%	对单体 1.8 倍兵刃。郭汜在场时改为对 2 人 1.5 倍。	0.82
郭汜	名	掠阵	追击	45%	普攻后追击 0.9 倍。李傕在场时追击率 +10%。	0.41
徐荣	名	荥阳伏兵	被动	—	敌方首回合对徐荣的攻击 40% 落空。徐荣首回合普攻倍率 +0.5。	
韩遂	名	三十年	被动	—	每三回合末韩遂回兵 4%。韩遂受到的控制持续 −1 回合。	
麹义	名	先登死士	兵种	—	麹义对速度高于自己的目标伤害 +15%。麹义受到的追击伤害 −25%。	
高览	名	庭柱	被动	—	我方汉阵营在场三人以上时统率 +8%。	
淳于琼	名	大戟士	兵种	—	前三回合淳于琼武力 +10%。第四回合起 −10%（醉了）。	
纪灵	名	三尖刀	主动·瞬发	42%	对单体 1.9 倍兵刃。目标是刘备、关羽、张飞时怯战 1 回合。	0.63
蔡瑁	名	荆州水军	指挥	—	我方全体速度 +5%。张允在场时我方兵力上限 +3%。	
黄祖	名	江夏弓弩	追击	42%	普攻后对敌方速度最高者追击 0.8 倍。	0.34
朱儁	名	平寇	被动	—	对无阵营敌人伤害 +15%。皇甫嵩在场时朱儁统率 +6%。	
阎行	名	折矛	主动·瞬发	38%	对敌方武力最高者 2.0 倍兵刃。目标是马超时倍率 +1.0 且缴械 1 回合。	0.72
臧洪	名	死守东武阳	被动	—	兵力低于 50% 后统率 +10%，受到的伤害 −10%。退场时我方全体武力 +3%（怒）。	
丁原	名	建阳	指挥	—	我方汉阵营将领统率 +5%。吕布在敌方时吕布首回合 −15% 武力（旧主）。	
吕玲绮	名	将门虎女	追击	48%	普攻后追击 0.9 倍。吕布在场时追击 1.2 倍。	0.43
刘表	名	坐守荆襄	指挥	—	我方前排三人统率 +6%。刘表本人前三回合不能被选为单体目标。	
刘璋	名	东州兵	兵种	—	我方全体兵力上限 +4%。刘璋本人受到的伤害 +10%（暗弱）。	
袁术	名	仲氏	指挥	—	我方全体武力 +4%。每回合末袁术自损 2% 兵力（蜜水）。战斗胜利金币 +10%。	
陶谦	名	丹阳兵	兵种	—	我方前排三人兵力上限 +6%。陶谦退场时我方随机一人回兵 8%（让徐州）。	
汉献帝	名	天子诏	指挥	—	我方全体统率 +4%。我方汉阵营将领主动发动率 +5%。	
董承	名	衣带诏	指挥	—	敌方魏阵营将领首回合主动发动率 −20%。	
吉平	名	太医	主动·瞬发	48%	我方兵力最低者回兵 7%。同时敌方随机一人中毒 2 回合，每回合 2%。	0.24
刘虞	名	仁政	主动·瞬发	50%	我方随机 2 人回兵 5%。	0.0
许劭	名	月旦评	指挥	—	开场随机评一名敌将：全场对其伤害 +10%；评一名我方将领：其主动发动率 +8%。	
曹节	名	掷玺	主动·瞬发	45%	驱散敌方随机 2 人。	-0.09
张鲁	名	五斗米	主动·瞬发	45%	我方随机 2 人回兵 5%，各得 3% 兵力护盾。	0.0
孔融	名	让梨	指挥	—	我方兵力最低者每回合末回兵 3%。孔融本人受到的伤害 +10%。	
卢植	名	儒将	被动	—	卢植普攻按武力、智力取高者结算。刘备、公孙瓒在场时二人统率 +5%（师）。	
审配	名	守邺	被动	—	审配统率 +8%。审配在场时我方受到的追击伤害 −10%。	
逢纪	名	谗	主动·瞬发	40%	敌方随机一人怯战 2 回合。	-0.16
郭图	名	误主	指挥	—	敌方主动发动率 −6%。我方主动发动率 −3%（他出的主意）。	
许攸	名	夜奔	主动·瞬发	42%	驱散敌方随机 1 人，并把驱散掉的增益转给我方随机一人 1 回合。	-0.08
蹇硕	名	西园校尉	指挥	—	敌方武力最高者破甲 8% 三回合。	
祢衡	名	击鼓骂曹	主动·瞬发	45%	敌方随机一人挑衅 1 回合并破甲 6% 两回合。祢衡受到伤害 +15%。	-0.14
蒯良	名	臼犯之谋	主动·瞬发	42%	敌方随机一人计穷 1 回合。蒯越在场时改为 2 人。	-0.08
蒯越	名	异度	指挥	—	敌方前两回合追击率 −15%。蒯良在场时我方智力 +4%。	
曹洪	名	天下可无洪	被动	—	曹操受到致命伤害时曹洪替死一次（曹洪退场，曹操留 1% 兵力）。曹操不在场时曹洪统率 +8%。	
曹休	名	千里驹	追击	45%	普攻后追击 0.9 倍。曹休速度高于目标时 1.2 倍。	0.41
曹纯	名	虎豹骑	兵种	—	我方全体首回合速度 +8%。曹纯前两回合普攻附带对另一目标 0.5 倍冲撞。第三回合起曹纯武力 +6%。	
夏侯尚	名	伯仁	被动	—	我方魏阵营将领在场三人以上时武力 +6%。	
李典	名	儒将	被动	—	受到谋略伤害 −15%。张辽、乐进在场时二人主动发动率 +5%。	
臧霸	名	泰山寇	主动·瞬发	42%	对敌方兵力最低者 1.8 倍兵刃。	0.34
文聘	名	守江夏	被动	—	统率 +8%。文聘在场时我方后排受到的单体攻击 20% 改打文聘。	
文鸯	名	单骑退雄兵	追击	50%	普攻后追击 1.0 倍。同一回合被两人以上攻击时，下回合追击必发。	0.5
郝昭	名	守陈仓	被动	—	郝昭得 12% 兵力护盾（每三回合重置一次）。护盾存在时反弹所受伤害 20%。	
王双	名	流星锤	主动·瞬发	40%	对单体 2.0 倍兵刃，30% 震慑 1 回合。	1.04
陈泰	名	玄伯	被动	—	陈泰在场时我方魏阵营将领受到的谋略伤害 −10%。	
王濬	名	楼船	主动·准备	38%	准备一回合。对敌方 3 人 1.4 倍兵刃，驱散其护盾（铁锁沉江）。	0.9
李进	名	县豪	被动	—	对无双品阶敌人伤害 +20%。	
阎柔	名	胡骑	兵种	—	阎柔速度 +8%。阎柔普攻后 30% 召来一次 0.6 倍的胡骑追击（不算追击，不被怯战停）。	
王异	名	守冀城	被动	—	受击后回兵 2%（每回合最多两次）。赵昂在场时王异统率 +6%。	
司马师	名	三千死士	指挥	—	我方前排三人首回合伤害 +15%。司马师本人首回合隐身。	
司马昭	名	路人皆知	指挥	—	敌方全体首回合主动发动率 −10%。司马师在场时我方智力 +4%。	
满宠	名	酷吏	被动	—	满宠施加的中毒、灼烧伤害翻倍。满宠普攻附带中毒 1 回合（每回合 1%）。	
刘晔	名	霹雳车	主动·准备	38%	准备一回合。对敌全体 0.9 倍谋略，驱散其护盾。	1.08
王朗	名	骂阵	主动·瞬发	45%	敌方智力最高者挑衅 1 回合。若目标是诸葛亮，王朗退场（被骂死）并使我方全体武力 +5%。	-0.14
华歆	名	逼宫	主动·瞬发	42%	驱散敌方随机 1 人并使其计穷 1 回合。	0.25
杜预	名	破竹	被动	—	敌方每退场一人，杜预武力、智力各 +4%（最多四层）。	
杨阜	名	反间	主动·瞬发	40%	驱散敌方随机 1 人，驱散到的增益转给我方随机一人 2 回合。目标是马超时必中。	-0.08
马钧	名	机关	主动·准备	40%	准备一回合。对敌方 3 人 1.3 倍谋略。	0.53
管辂	名	卜卦	指挥	—	我方主动技能命中 +10%。开场揭示敌方一人：全场对其伤害 +8%。	
杨修	名	看破	被动	—	敌方开始准备技能时，杨修 25% 使其中断。杨修受到的伤害 +10%（曹操不喜）。	
陈登	名	湖海	指挥	—	我方全体统率 +5%。敌方有孙策时孙策主动发动率 −15%。	
陈群	名	九品	指挥	—	我方名档及以上将领统率 +5%，名档以下 +0（重门第）。	
钟繇	名	元常	指挥	—	我方文臣、辅助统率 +6%。	
羊祜	名	德服	主动·瞬发	48%	我方随机 2 人回兵 5%。敌方有陆抗时两人互不选对方为目标。	0.0
曹丕	名	篡汉	指挥	—	我方魏阵营主动发动率 +5%。敌方汉阵营将领首回合统率 −10%。	
甄姬	名	洛神	主动·瞬发	48%	我方兵力最低者回兵 7%并解控。	0.34
田畴	名	向导	指挥	—	我方全体闪避 +6%。我方首回合速度 +8%。	
张春华	名	灭口	主动·瞬发	40%	敌方随机一人计穷 1 回合。目标智力低于张春华时改为 2 回合。	-0.08
廖化	名	先锋	被动	—	我方在场人数少于敌方时廖化武力、统率各 +6%。	
周仓	名	扛刀	被动	—	关羽在场时周仓统率 +8%，关羽受到追击时周仓 40% 替受。关羽不在场时改为武力 +6%。	
吴懿	名	国舅	指挥	—	我方蜀阵营将领统率 +5%。	
张翼	名	稳守	被动	—	统率 +6%。受到伤害后 20% 反击 0.7 倍。	
张嶷	名	抚夷	被动	—	对无阵营敌人伤害 +15%，受到无阵营敌人伤害 −10%。	
傅佥	名	阳安关	被动	—	兵力低于 40% 时武力 +12%，不能被挑衅。	
诸葛瞻	名	绵竹	被动	—	诸葛瞻普攻按武力、智力取高者结算。诸葛亮在场时智力 +8%。	
霍峻	名	守葭萌	被动	—	霍峻得 10% 兵力护盾（每三回合重置）。护盾存在时统率 +6%。	
罗宪	名	守永安	被动	—	受到吴阵营伤害 −15%。兵力低于 50% 时回兵 3% 每回合。	
李严	名	正方	指挥	—	我方全体兵力上限 +3%。诸葛亮在场时李严主动不发（争权）。	
刘封	名	养子	主动·瞬发	42%	对单体 1.8 倍兵刃。关羽在敌方时刘封不能攻击关羽。	0.34
关索	名	花关索	追击	46%	普攻后追击 0.9 倍。鲍三娘在场时 1.1 倍。	0.41
鲍三娘	名	三娘	主动·瞬发	42%	对单体 1.8 倍兵刃。关索在场时附带怯战 1 回合。	0.59
傅肜	名	断后	被动	—	我方有人退场时傅肜统率 +6%（最多三层）。傅肜兵力低于 20% 时不会退场，持续 1 回合（每场一次）。	
柳隐	名	黄金围	被动	—	统率 +10%。柳隐在场时我方前排受到的准备技能伤害 −15%。	
习珍	名	孤山	被动	—	我方在场人数少于四人时习珍武力、统率各 +8%。	
关银屏	名	银屏	追击	46%	普攻后追击 0.9 倍。关羽、关平、关兴任一人在场时 1.1 倍。	0.41
马云禄	名	云禄	追击	46%	普攻后追击 0.9 倍。马超或赵云在场时 1.1 倍。	0.41
邓芝	名	使吴	指挥	—	我方吴阵营将领主动发动率 +6%。敌方吴阵营首回合主动发动率 −6%。	
秦宓	名	天辩	主动·瞬发	42%	敌方智力最高者计穷 1 回合。目标智力低于秦宓时改为 2 回合。	-0.08
马谡	名	言过其实	主动·瞬发	45%	对敌方 3 人 1.2 倍谋略。发动后马谡自身统率 −10% 两回合（上山）。	0.93
杨仪	名	威公	指挥	—	我方文臣主动发动率 +5%。魏延在场时魏延统率 −5%（不和）。	
谯周	名	劝降	主动·瞬发	40%	敌方兵力最低者怯战 2 回合。	-0.16
张松	名	献图	指挥	—	开场揭示敌方前排：我方对敌方前排三人伤害 +8%。	
董允	名	休昭	指挥	—	我方全体统率 +4%。我方受到的怯战、迷惑持续 −1 回合。	
费祎	名	文伟	主动·瞬发	48%	我方随机 2 人回兵 5%。	0.0
糜竺	名	富商	指挥	—	战斗胜利金币 +15%。我方兵力最低者每回合末回兵 2%。	
简雍	名	宪和	主动·瞬发	45%	敌方随机一人怯战 1 回合，我方随机一人回兵 4%。	0.0
孙乾	名	公祐	指挥	—	我方蜀阵营将领主动发动率 +5%。	
伊籍	名	檀溪示警	指挥	—	我方全体首回合闪避 +15%。	
糜夫人	名	投井	被动	—	糜夫人退场时我方兵力最低者回兵 10%（把阿斗交出去）。	
刘巴	名	直百钱	指挥	—	战斗胜利金币 +20%。我方文臣统率 +4%。	
蒲元	名	神刀	指挥	—	我方武将武力 +5%。我方兵器擅长加成 +5%。	
蒋钦	名	公奕	追击	45%	普攻后追击 0.9 倍。	0.41
陈武	名	子烈	主动·瞬发	42%	对敌方兵力最低者 1.9 倍兵刃。	0.38
董袭	名	元代	被动	—	兵力高于 70% 时武力 +8%。退场时对随机一人造成 1.0 倍兵刃。	
潘璋	名	擒关	主动·瞬发	40%	对敌方兵力最高者 1.8 倍兵刃。目标是关羽时缴械 1 回合（马忠在场时必中）。	0.68
朱桓	名	休穆	被动	—	我方在场人数少于敌方时朱桓武力 +10%。	
朱然	名	守江陵	被动	—	统率 +8%。连续两回合未受伤害时得 5% 兵力护盾。	
全琮	名	山越兵	兵种	—	全琮受到的兵刃伤害 −10%。全琮普攻附带 0.3 倍溅射一人。	
凌操	名	凌操	追击	45%	普攻后追击 0.9 倍。凌统在场时凌统追击率 +5%。	0.41
朱治	名	君理	指挥	—	我方吴阵营将领统率 +5%。	
吕岱	名	定公	被动	—	每三回合末吕岱武力、统率各 +3%（最多四层）。	
贺齐	名	华甲	被动	—	统率 +10%。贺齐在场时敌方首回合对我方前排的攻击 −10%（军容吓人）。	
留赞	名	吟啸	主动·瞬发	40%	我方全体武力 +5% 两回合。留赞本人受到的伤害 +10% 两回合。	-0.4
诸葛恪	名	东兴	主动·瞬发	40%	对敌方 3 人 1.4 倍谋略。发动后诸葛恪自身统率 −12% 两回合（新城）。	1.03
步骘	名	子山	指挥	—	我方文臣统率 +5%。	
阚泽	名	诈降书	指挥	—	敌方首回合对我方后排的攻击 30% 落空。黄盖在场时我方灼烧伤害 +15%。	
虞翻	名	骂	主动·瞬发	45%	敌方随机一人挑衅 1 回合。	-0.14
陆凯	名	敬风	指挥	—	我方全体受到的中毒、灼烧伤害 −20%。	
周鲂	名	断发	主动·瞬发	38%	敌方随机一人迷惑 1 回合。目标是曹休时必中且 2 回合。	0.15
徐氏	名	设伏	被动	—	徐氏受到单体攻击后，我方随机一人对攻击者反击 0.8 倍（每回合一次）。	
吕范	名	子衡	指挥	—	战斗胜利金币 +10%。我方全体统率 +3%。	
顾雍	名	元叹	指挥	—	我方全体受到的控制持续 −1 回合（最少 1 回合）。	
张纮	名	子纲	指挥	—	我方吴阵营文臣智力 +6%。	
大乔	名	大乔	主动·瞬发	48%	我方兵力最低者回兵 7%。孙策在场时孙策再回兵 3%。	0.0
吴国太	名	相女婿	指挥	—	我方全体统率 +4%。刘备、孙权同在时二人主动发动率 +5%。	
张宝	名	妖术	主动·瞬发	42%	敌方随机 2 人混乱 1 回合。	0.42
张梁	名	地公	主动·瞬发	42%	对敌方 3 人 1.1 倍兵刃。张角、张宝在场时倍率 +0.2。	0.76
管亥	名	围北海	被动	—	我方在场人数多于敌方时管亥武力 +10%。	
张燕	名	黑山	被动	—	速度 +8%。张燕受到的追击伤害 −20%。	
祝融	名	飞刀	追击	48%	普攻后追击 0.9 倍，必中。	0.43
沙摩柯	名	蛮王	主动·瞬发	40%	对敌方速度最高者 2.0 倍兵刃。目标是甘宁时倍率 +1.0。	0.4
兀突骨	名	藤甲兵	兵种	—	兀突骨受到的兵刃伤害 −40%。受到的灼烧伤害 +100%。	
木鹿大王	名	驱兽	主动·瞬发	40%	对敌方 3 人 1.2 倍谋略，其中随机一人怯战 1 回合。	1.06
朵思大王	名	毒泉	主动·瞬发	42%	敌方随机 2 人中毒 2 回合，每回合 2%。	-0.08
越吉元帅	名	铁车	主动·准备	38%	准备一回合。对敌方 3 人 1.4 倍兵刃。	0.6
蹋顿	名	乌桓突骑	兵种	—	蹋顿速度 +8%。蹋顿普攻附带对另一目标 0.4 倍。	
轲比能	名	鲜卑	被动	—	每回合末回兵 2%。速度 +6%。	
公孙渊	名	辽东	被动	—	统率 +8%。司马懿在敌方时公孙渊主动发动率 −10%（怕）。	
花鬘	名	花鬘	追击	46%	普攻后追击 0.9 倍。关索在场时 1.1 倍。	0.41
普净	名	点化	主动·瞬发	45%	我方兵力最低者回兵 6% 并解控。关羽在场时关羽再回兵 3%。	0.4
侯成	骁	盗马	被动	—	首回合速度 +10%。吕布在敌方时侯成对吕布伤害 +10%。	
宋宪	骁	缚将	主动·瞬发	38%	对单体 1.5 倍兵刃，20% 缴械 1 回合。	0.53
魏续	骁	献门	被动	—	兵力低于 30% 时统率 +10%。	
张勋	骁	大将	被动	—	袁术在场时武力 +8%。	
桥蕤	骁	桥蕤	追击	40%	普攻后追击 0.8 倍。	0.32
张济	骁	张济	追击	40%	普攻后追击 0.8 倍。张绣在场时 1.0 倍。	0.32
樊稠	骁	樊稠	主动·瞬发	40%	对单体 1.6 倍兵刃。	0.24
牛辅	骁	惧	被动	—	兵力低于 50% 时闪避 +15%，武力 −10%。	
张允	骁	水军	指挥	—	我方全体速度 +3%。蔡瑁在场时再 +3%。	
泠苞	骁	泠苞	主动·瞬发	40%	对单体 1.6 倍兵刃。	0.24
邓贤	骁	邓贤	追击	40%	普攻后追击 0.8 倍。泠苞在场时追击率 +8%。	0.32
刘璝	骁	刘璝	被动	—	刘璋在场时统率 +8%。	
鲍信	骁	济北	被动	—	曹操在场时曹操受到单体攻击时鲍信 30% 替受（伤害 −20%）。	
张邈	骁	陈留	指挥	—	我方汉阵营将领统率 +4%。	
王匡	骁	河内	被动	—	我方在场人数多于敌方时统率 +6%。	
刘岱	骁	兖州	被动	—	对无阵营敌人伤害 +10%。	
何进	骁	屠户	指挥	—	我方全体武力 +4%。何进首回合受到的伤害 +20%。	
伏皇后	骁	伏后	主动·瞬发	45%	我方随机一人回兵 5%。汉献帝在场时改为 2 人。	0.0
韩浩	骁	屯田	指挥	—	我方全体兵力上限 +3%。	
史涣	骁	史涣	追击	42%	普攻后追击 0.8 倍。	0.34
牛金	骁	牛金	主动·瞬发	40%	对单体 1.7 倍兵刃。曹仁在场时倍率 +0.2。	0.28
朱灵	骁	朱灵	被动	—	统率 +6%。受到伤害后 15% 反击 0.6 倍。	
曹昂	骁	让马	被动	—	曹操受到致命伤害时曹昂替死一次（曹操留 1% 兵力）。	
夏侯恩	骁	背剑	被动	—	首回合武力 +10%。退场时敌方最后攻击者武力 +5%（青釭剑被夺）。	
吕虔	骁	吕虔	被动	—	对无阵营敌人伤害 +10%。	
蔡阳	骁	三通鼓	主动·瞬发	38%	对单体 1.6 倍兵刃。目标是关羽时蔡阳受到关羽的伤害 +30%。	0.23
车胄	骁	车胄	被动	—	首回合统率 +10%。	
秦琪	骁	秦琪	追击	40%	普攻后追击 0.8 倍。	0.32
王凌	骁	淮南一叛	被动	—	我方在场人数少于敌方时武力 +8%。	
毌丘俭	骁	淮南二叛	主动·瞬发	40%	对单体 1.6 倍兵刃。文钦在场时改为 2 人 1.3 倍。	0.69
诸葛诞	骁	淮南三叛	被动	—	统率 +8%。兵力低于 30% 时不能被挑衅。	
文钦	骁	文钦	追击	42%	普攻后追击 0.8 倍。文鸯在场时文鸯追击率 +5%。	0.34
田豫	骁	镇北	被动	—	对无阵营敌人伤害 +15%。	
王经	骁	洮西	被动	—	兵力低于 50% 时统率 +8%。	
韩龙	骁	刺客	主动·瞬发	35%	对敌方兵力最低者 1.8 倍兵刃。目标是无阵营时 20% 直接斩杀（每场一次）。	0.28
毛玠	骁	毛玠	指挥	—	战斗胜利金币 +8%。	
董昭	骁	董昭	指挥	—	我方魏阵营将领主动发动率 +4%。	
蒋济	骁	蒋济	主动·瞬发	42%	敌方随机一人怯战 1 回合。	-0.17
糜芳	骁	开门	被动	—	统率 +6%。兵力低于 30% 时统率 −15%（降了）。	
傅士仁	骁	傅士仁	被动	—	糜芳在场时统率 +6%。	
孟达	骁	反复	主动·瞬发	40%	对单体 1.6 倍兵刃。每发动一次自身统率 −3%（最多三层）。	0.24
吴班	骁	吴班	主动·瞬发	40%	对单体 1.6 倍兵刃。	0.24
马忠	骁	南中	被动	—	对无阵营敌人伤害 +15%。	
雷铜	骁	雷铜	追击	40%	普攻后追击 0.8 倍。	0.32
吴兰	骁	吴兰	追击	40%	普攻后追击 0.8 倍。雷铜在场时追击率 +8%。	0.32
高翔	骁	高翔	被动	—	统率 +6%。	
陈式	骁	陈式	主动·瞬发	40%	对单体 1.5 倍兵刃。	0.2
句扶	骁	句扶	追击	42%	普攻后追击 0.8 倍。	0.34
向宠	骁	营中之事	指挥	—	我方前排三人统率 +5%。	
阎宇	骁	阎宇	被动	—	兵力高于 70% 时武力 +6%。	
王甫	骁	王甫	指挥	—	关羽在场时关羽统率 +6%。关羽不在场时我方全体统率 +2%。	
赵累	骁	赵累	指挥	—	我方全体受到的迷惑持续 −1 回合。	
黄权	骁	谏伐吴	指挥	—	我方全体受到吴阵营的伤害 −6%。	
马忠（吴）	骁	绊马索	主动·瞬发	38%	对单体 1.5 倍兵刃，25% 震慑 1 回合。目标是关羽时必中。	0.8
谢旌	骁	谢旌	主动·瞬发	40%	对单体 1.6 倍兵刃。	0.24
谭雄	骁	谭雄	追击	40%	普攻后追击 0.8 倍。	0.32
宋谦	骁	宋谦	被动	—	孙权在场时武力 +8%。	
贾华	骁	贾华	被动	—	统率 +6%。	
周善	骁	劫阿斗	被动	—	首回合速度 +12%，首回合普攻打敌方速度最低者。	
韩综	骁	叛	被动	—	兵力低于 30% 时武力 −10%，闪避 +15%。	
孙翊	骁	叔弼	主动·瞬发	40%	对单体 1.7 倍兵刃。孙翊受到伤害 +10%。	0.28
谷利	骁	救主	被动	—	孙权受到单体攻击时谷利 50% 替受（伤害 −20%）。	
孙静	骁	孙静	指挥	—	我方吴阵营将领统率 +4%。	
张温	骁	张温	指挥	—	我方吴阵营文臣智力 +4%。	
薛综	骁	薛综	主动·瞬发	42%	敌方随机一人计穷 1 回合。	-0.08
严畯	骁	严畯	指挥	—	我方文臣统率 +4%。	
程秉	骁	程秉	主动·瞬发	45%	我方随机一人回兵 5%。	-0.23
是仪	骁	是仪	指挥	—	我方全体受到的怯战持续 −1 回合。	
程远志	骁	程远志	主动·瞬发	40%	对单体 1.6 倍兵刃。	0.24
波才	骁	颍川	被动	—	我方无阵营在场三人以上时武力 +8%。	
孟优	骁	孟优	被动	—	孟获在场时统率 +8%。	
迷当大王	骁	羌王	追击	42%	普攻后追击 0.8 倍。	0.34
曹性	校	冷箭	追击	38%	普攻后对敌方统率最低者追击 0.7 倍。目标是夏侯惇时 1.5 倍。	0.27
郝萌	校	郝萌	被动	—	首回合武力 +8%。	
雷薄	校	雷薄	被动	—	陈兰在场时武力 +6%。	
陈兰	校	陈兰	被动	—	雷薄在场时统率 +6%。	
杨昂	校	杨昂	主动·瞬发	38%	对单体 1.4 倍兵刃。	0.15
杨任	校	杨任	追击	38%	普攻后追击 0.7 倍。	0.27
韩猛	校	韩猛	追击	38%	普攻后追击 0.7 倍。	0.27
蒋义渠	校	蒋义渠	被动	—	袁绍在场时统率 +6%。	
邢道荣	校	万夫不当	被动	—	首回合武力 +10%。首回合后 −5%。	
潘凤	校	上将	被动	—	首回合武力 +12%。目标是华雄时潘凤退场（每场一次）。	
俞涉	校	俞涉	被动	—	首回合速度 +8%。	
武安国	校	铁锤	主动·瞬发	36%	对单体 1.5 倍兵刃。目标是吕布时武安国之后缴械 2 回合（断手）。	0.5
李肃	校	说客	指挥	—	敌方汉阵营随机一人首回合主动发动率 −15%。	
董旻	校	董旻	被动	—	董卓在场时统率 +6%。	
穆顺	校	穆顺	追击	36%	普攻后追击 0.7 倍。	0.25
张让	校	十常侍	指挥	—	敌方汉阵营将领统率 −4%。我方汉阵营将领统率 −2%。	
杨松	校	贪	指挥	—	战斗胜利金币 +6%。我方全体统率 −2%。	
王累	校	倒吊	被动	—	王累退场时我方全体统率 +4%（谏）。	
孔秀	校	东岭关	被动	—	首回合统率 +8%。	
韩福	校	洛阳	追击	36%	普攻后追击 0.7 倍。	0.25
孟坦	校	孟坦	被动	—	首回合速度 +8%。	
卞喜	校	设伏	主动·瞬发	36%	对单体 1.4 倍兵刃。首回合发动时倍率 +0.3。	0.14
王植	校	火烧馆驿	主动·瞬发	36%	对单体 1.0 倍兵刃，灼烧 1 回合。	0.11
夏侯杰	校	吓死	被动	—	受到震慑时夏侯杰直接退场。未受震慑时统率 +8%。	
曹安民	校	曹安民	被动	—	曹操在场时统率 +6%。	
许仪	校	虎卫	被动	—	许褚在场时武力 +8%。	
成济	校	弑君	主动·瞬发	35%	对敌方辅助 1.6 倍兵刃（无辅助则随机）。发动后成济统率 −10%（背锅）。	0.21
贾充	校	贾充	指挥	—	我方魏阵营将领主动发动率 +3%。	
范疆	校	范疆	被动	—	张飞在敌方时对张飞伤害 +15%。张飞在我方时范疆统率 −5%。	
张达	校	张达	被动	—	同范疆。	
马邈	校	江油	被动	—	兵力低于 40% 时闪避 +15%。	
黄皓	校	弄权	指挥	—	我方主动发动率 −3%。战斗胜利金币 +8%。	
樊建	校	樊建	指挥	—	我方蜀阵营文臣智力 +3%。	
郤正	校	郤正	指挥	—	我方全体受到的挑衅持续 −1 回合。	
刘禅	校	乐不思蜀	被动	—	刘禅不会被选为单体目标，也不普攻。我方每回合末回兵 1%。	
孙皓	校	暴君	指挥	—	我方全体武力 +4%，统率 −4%。	
岑昏	校	岑昏	指挥	—	敌方随机一人首回合主动发动率 −10%。	
万彧	校	万彧	指挥	—	我方吴阵营文臣智力 +3%。	
张悌	校	末相	被动	—	我方在场人数少于四人时武力 +10%。	
沈莹	校	青巾兵	兵种	—	沈莹首回合武力 +10%。沈莹普攻附带 0.2 倍溅射一人。	
邓茂	校	邓茂	被动	—	首回合武力 +8%。	
韩忠	校	韩忠	被动	—	统率 +5%。	
赵弘	校	赵弘	追击	36%	普攻后追击 0.7 倍。	0.25
孙仲	校	孙仲	被动	—	首回合速度 +8%。	
严政	校	反戈	被动	—	张宝在敌方时对张宝伤害 +20%。	
裴元绍	校	裴元绍	被动	—	周仓在场时武力 +6%。	
带来洞主	校	带来洞主	被动	—	孟获在场时统率 +6%。	
忙牙长	校	忙牙长	主动·瞬发	36%	对单体 1.5 倍兵刃。	0.18
金环三结	校	金环三结	追击	36%	普攻后追击 0.7 倍。	0.25
董荼那	校	董荼那	被动	—	阿会喃在场时武力 +6%。	
阿会喃	校	阿会喃	被动	—	董荼那在场时统率 +6%。	
徹里吉	校	羌王	指挥	—	我方无阵营将领武力 +4%。	
