名	品阶	技能	类型	发动	DSL	文案
刘备	无双	仁德	指挥	—	指挥 | buff(aall,def,10); rend:heal(ahpmin,6)	开场全队统率 +10%。此后每回合末，我方当前兵力比例最低的一人回兵 6% 上限。
关羽	无双	温酒斩将	主动·瞬发	40%	瞬发 40 | custom(关羽斩)	对敌方当前兵力最高者造成 2.6 倍兵刃伤害。若目标兵力已低于 30%，改为直接斩杀（每场一次）。
张飞	无双	当阳一吼	主动·准备	40%	准备 40 | dmg(eall,0.7); st(last,震慑,1,50)	准备一回合。对敌全体 0.7 倍兵刃伤害，50% 震慑 1 回合。
赵云	无双	七进七出	追击	55%	追击 55 | custom(赵云七进七出); rstart:custom(赵云追击率)	普攻后追击 1.2 倍。追击命中的目标兵力低于 50% 时再追一段，最多三段。自身兵力每少 10%，追击率 +3%。
马超	无双	神威天将军	兵种·西凉铁骑	—	兵种 | buff(self,agi,10); atk:dmg(other,1)@r<=3; rend:custom(马超后期)	速度 +10%。前三回合马超每次普攻附带对另一随机目标 1 倍冲撞。第四回合起每回合武力 +4%（上限 +16%）。
黄忠	无双	百步穿杨	主动·瞬发	45%	瞬发 45 | custom(黄忠老当益壮)	对敌方统率最低者 2.4 倍兵刃，必中，暴击率 +40%。每过一回合倍率 +0.1（老当益壮，上限 +0.8）。
诸葛亮	无双	借东风	主动·准备	45%	准备 45 | dmg(eall,0.7,mag); dot(last,灼烧,2,2)	准备一回合。对敌全体 0.7 倍谋略伤害，灼烧 2 回合。
庞统	无双	连环	主动·瞬发	40%	瞬发 40 | custom(庞统连环)	给敌方 3 人挂「连环」2 回合：其中任一人受到伤害时，其余连环者受该伤害的 15%。
姜维	无双	九伐	主动·瞬发	40%	瞬发 40 | custom(姜维九伐)	对敌方 2 人 1.8 倍伤害（武力、智力取高者结算）。每发动一次，本场倍率 +0.15，上限 +0.9。
法正	无双	奇谋定军	指挥	—	指挥 | buff(aall,rate,8); buff(edefmax,def,-15)	我方全体主动发动率 +8%；敌方统率最高者破甲 15%，持续全场。
曹操	无双	宁教我负人	指挥	—	指挥 | buff(aall,atk,8); buff(aall,int,8); rend:custom(曹操抽兵); allydeath:custom(曹操负人)	开场全队武力、智力 +8%。每回合末曹操从我方兵力最高者抽 3% 兵到自己（自己最高则不抽）。我方每有一人退场，全队武力 +4%（最多三次）。
张辽	无双	威震逍遥津	主动·瞬发	首回合必发，之后 35%	瞬发 35f | dmg(e3,1.2); st(last,怯战,1,40); setup:buff(self,agi,50,1)	对敌方 3 人 1.2 倍兵刃，40% 怯战 1 回合。首回合速度 +50%，必定先手。
典韦	无双	戟护中军	被动	—	被动 | setup:buff(self,def,12); sub(ahpmin,50,0.7)	我方兵力最低者受到单体攻击时，典韦 50% 替他承受，所受伤害 −30%。自身统率 +12%。
许褚	无双	裸衣	主动·瞬发	38%	瞬发 38 | custom(许褚裸衣); hit:custom(许褚受击); rend:custom(许褚回合)	卸甲两回合：自身统率 −30%。对单体 3.0 倍兵刃。卸甲期间每受一次伤害，下次「裸衣」倍率 +0.3。
夏侯惇	无双	拔矢啖睛	被动	—	被动 | maghit:dmg(src,1.2); rend:buff(self,atk,15)@hp<50,once	受到暴击或谋略伤害后立即反击 1.2 倍（每回合一次）。兵力首次低于 50% 时，武力 +15% 直到战斗结束。
郭嘉	无双	遗计	指挥	—	指挥 | buff(eintmax,rate,-20); buff(aall,int,6); death:custom(郭嘉遗计)	开场标记敌方智力最高者：其主动发动率 −20%；我方全体智力 +6%。郭嘉退场时，我方随机一人下回合主动技能必发。
荀彧	无双	驱虎吞狼	主动·瞬发	45%	瞬发 45 | st(e1,混乱,1); dmg(last,1.0,mag); heal(ahpmin,8)	敌方随机一人混乱 1 回合，并受 1.0 倍谋略伤害；我方兵力最低者回兵 8%。
司马懿	无双	鹰视狼顾	主动·准备	50%	准备 50 | custom(司马懿鹰视B); myprep:custom(司马懿记账起); hit:custom(司马懿记账收); setup:flag(prep_guard,0.3)	准备一回合，准备期间受到的伤害 −30%，并记下这期间受到的总伤害。结算时对敌全体 1.2 倍谋略，再把记账伤害的 2 倍分摊到敌方每人头上；若准备期间没受伤，改为对单体 3.2 倍谋略。
贾诩	无双	抹书	主动·瞬发	40%	瞬发 40 | st(e1,计穷,2); st(last,迷惑,1); dmg(last,1.0,mag)	敌方随机一人计穷 2 回合，并迷惑 1 回合。
邓艾	无双	偷渡阴平	指挥	—	指挥 | st(self,隐身,2); rstart:custom(邓艾阴平)	前两回合邓艾隐身。第三回合开始时，对敌方速度最低的 2 人造成 2.0 倍兵刃，无视其 50% 统率。
孙坚	无双	江东猛虎	追击	50%	追击 50 | buff(self,crit,100,1)@hp>70; dmg(tgt,1.1)	普攻后追击 1.1 倍。自身兵力高于 70% 时追击必定暴击。
孙策	无双	霸王	主动·瞬发	45%	瞬发 45 | dmg(e1,2.2); st(last,挑衅,1); hit:custom(孙策叠层)	对单体 2.2 倍兵刃并挑衅 1 回合。孙策每被攻击一次武力 +4%，最多五层。
孙权	无双	坐断东南	指挥	—	指挥 | buff(aall,def,10); buff(arole:文臣,int,8); rend:heal(aall,4)@every3	开场全队统率 +10%，我方文臣智力 +8%。每三回合末全队回兵 4%。
周瑜	无双	赤壁	主动·准备	40%	准备 40 | dmg(eall,0.7,mag); dot(last,灼烧,2,2); setup:flag(no_prep)@in:诸葛亮	准备一回合。对敌全体 0.7 倍谋略，灼烧 2 回合。阵中有诸葛亮时不需准备（羁绊）。
陆逊	无双	潜渊	主动·瞬发	前三回合不发；第四回合起 50%	瞬发 50 | custom(陆逊潜渊)	前三回合不发技，每回合智力 +3%。第四回合起对敌全体 0.9 倍谋略，灼烧 3 回合。
太史慈	无双	神射	追击	60%	追击 60 | custom(太史慈神射)	普攻后追击 1.0 倍，必中，可打任意目标。追击命中正在准备技能的人则打断其准备。
甘宁	无双	百骑劫营	主动·瞬发	首回合必发，之后 35%	瞬发 35f | dmg(e3,1.2); dmg(last,0.4)@fastest; setup:buff(self,dodge,25,2)	对敌方 3 人 1.2 倍兵刃；甘宁是全场速度最高者时，再补 0.4 倍。前两回合自身闪避 +25%。
吕蒙	无双	白衣渡江	主动·准备	40%	准备 40 | dmg(ehpmax,2.8); st(last,缴械,1); myprep:st(self,隐身,1)	准备一回合，准备期间隐身。结算对敌方兵力最高者 2.8 倍兵刃并缴械 1 回合。
吕布	无双	人中吕布	被动	—	被动 | setup:flag(double_attack); setup:buff(self,dmgin,10); hit:custom(吕布围攻)	每回合普攻两次。同一回合挨打三次时，武力 +15% 两回合。受到的伤害 +10%。
董卓	无双	暴熊	被动	—	被动 | dealt:custom(董卓吸血); setup:flag(吸血,0.4); setup:buff(self,def,15); setup:buff(self,dmgin,-15); setup:buff(self,atk,10)	造成伤害的 40% 转为回兵。自身武力 +10%、统率 +15%，受到的伤害 −15%。
貂蝉	无双	闭月	主动·瞬发	40%	瞬发 40 | st(eatkmax,迷惑,2); dmg(last,1.0,mag)	敌方武力最高者迷惑 2 回合，并受 1.0 倍谋略伤害。
华佗	无双	青囊	主动·瞬发	55%	瞬发 55 | heal(ahpmin,12); cleanse(last); allydeath:custom(华佗刮骨)	我方兵力最低者回兵 12% 上限，清除其中毒、灼烧。每场一次：我方有人退场的当回合，华佗以 30% 兵力将其救回。
王允	无双	连环计	指挥	—	指挥 | custom(王允反目); rend:custom(王允互伤)	开场敌方武力最高者与智力最高者「反目」全场：二人的技能不作用于对方，每回合末互受 3% 兵力真实伤害。
陈宫	无双	犄角之势	指挥	—	指挥 | shield(afront3,12); rend:custom(陈宫犄角)	开场我方前排 3 人各得 12% 兵力护盾。陈宫在场时，同一回合受到两次以上攻击的我方将领，下回合统率 +10%。
袁绍	无双	四世三公	指挥	—	指挥 | buff(aall,atk,10); buff(aall,def,10); buff(aall,dmgin,-5); flag(no_active); rstart:custom(袁绍人多)	开场全队武力、统率 +10%，受到的伤害 −5%；我方在场人数多于敌方时武力、统率再 +5%。
左慈	无双	掷杯戏曹	主动·瞬发	35%	瞬发 35 | st(e3,混乱,1); dmg(last,0.6,mag); lethal:revive(1)@once; lethal:st(self,隐身,1)	敌方随机 3 人混乱 1 回合，并受 0.6 倍谋略伤害。左慈受到致命伤害时免死一次并隐身 1 回合（每场一次）。
华雄	虎	连斩	主动·瞬发	42%	瞬发 42 | custom(华雄连斩)	对敌方兵力最低者 2.0 倍兵刃。若击杀，本回合立刻再对随机一人普攻一次。
颜良	虎	麾盖	被动	—	被动 | rstart:buff(self,atkmult,50,1)@r<=2; rstart:buff(self,atkmult,-10,1)@r>=3	前两回合普攻倍率 +0.5；第三回合起 −0.1。
文丑	虎	冲阵	追击	50%	追击 50 | dmg(other,1.1)	普攻后对另一随机目标追击 1.1 倍。
高顺	虎	陷阵营	兵种	—	兵种 | flag(must_hit); flag(ignore,0.2); rend:shield(afront3,3)	高顺普攻必中，无视目标 20% 统率。每回合末我方前排各得 3% 兵力护盾。
张绣	虎	宛城夜袭	主动·瞬发	首回合必发，之后 35%	瞬发 35f | dmg(eagimin,2.2); st(last,缴械,1)@first	对敌方速度最低者 2.2 倍兵刃。首回合发动时附带缴械 1 回合。
公孙瓒	虎	白马义从	兵种	—	兵种 | buff(aall,agi,8); buff(self,magin,15); atk:dmg(other,0.6)	全队速度 +8%。公孙瓒普攻附带对目标相邻一人 0.6 倍。公孙瓒受到的谋略伤害 +15%。
马腾	虎	西凉盟主	指挥	—	指挥 | buff(aside:汉,atk,8); rend:heal(aagimax,4)	我方汉阵营将领武力 +8%。每回合末我方速度最高者回兵 4%。
张任	虎	落凤伏弩	主动·准备	40%	准备 40 | dmg(eintmax,2.6); st(last,计穷,1)	准备一回合。对敌方智力最高者 2.6 倍兵刃并计穷 1 回合。
皇甫嵩	虎	长社纵火	主动·瞬发	40%	瞬发 40 | dmg(e3,1.0); dot(last,灼烧,2,2)	对敌方 3 人 1.0 倍兵刃，灼烧 2 回合（按皇甫嵩智力算）。
田丰	虎	死谏	指挥	—	指挥 | buff(eratemax,rate,-15); death:cleanse(aall)	敌方主动发动率最高的一人，全场发动率 −15%。田丰退场时我方全体解控一次。
沮授	虎	分兵	主动·瞬发	45%	瞬发 45 | dispel(e2); dmg(last,1.0,mag); buff(last,agi,-10,1)	驱散敌方 2 人。被驱散者本回合速度 −10%。
李儒	虎	鸩酒	主动·瞬发	40%	瞬发 40 | dot(ehpmax,中毒,3,3); dmg(last,1.0,mag)	敌方兵力最高者中毒 3 回合，每回合 3% 兵力上限。
于吉	虎	符水	主动·瞬发	50%	瞬发 50 | heal(a2,6); st(e1,诅咒,2)	我方随机 2 人回兵 6%。敌方随机 1 人「诅咒」2 回合：受到的治疗改为等量伤害。
夏侯渊	虎	三日五百	追击	55%	追击 55 | dmg(tgt,1.4)@wasfirst; dmg(tgt,1.0)@notwasfirst	普攻后追击 1.0 倍。夏侯渊是本回合第一个行动的人时追击 1.4 倍。
张郃	虎	巧变	被动	—	被动 | setup:buff(self,dodge,30); dodge:buff(self,atkmult,60,1)	受到攻击时 30% 闪避。闪避后下一次普攻倍率 +0.6。
徐晃	虎	长驱	主动·瞬发	40%	瞬发 40 | shield(ehpmax,0); dmg(last,2.2)	对敌方兵力最高者 2.2 倍兵刃。先击破目标护盾再结算。
于禁	虎	严整	指挥	—	指挥 | buff(aall,def,10); buff(aall,ctrllen,0)	我方全体统率 +10%。
乐进	虎	先登	追击	50%	追击 50 | buff(self,crit,100,1)@tgthp>80; dmg(tgt,1.0)	普攻后追击 1.0 倍。目标兵力高于 80% 时追击必定暴击。
庞德	虎	抬榇	被动	—	被动 | setup:buff(self,atk,6); rend:buff(self,atk,20)@hp<40; rend:dmgself(1)@hp<40	自身武力 +6%。兵力低于 40% 后武力再 +20%，每回合末自损 1%。
曹仁	虎	八门金锁	指挥	—	指挥 | buff(afront3,def,10); buff(eall,pursue,-12)	我方前排三人统率 +12%。曹仁在场时敌方追击率 −10%。
曹真	虎	都督	指挥	—	指挥 | buff(aside:魏,def,8); rend:cleanse(a1)@every3	我方魏阵营将领统率 +8%。每三回合末我方随机一人解控。
曹彰	虎	黄须	主动·瞬发	42%	瞬发 42 | dmg(e1,2.4); kill:custom(曹彰黄须)	对单体 2.4 倍兵刃。击杀后武力 +4%，最多三层。
郭淮	虎	陇西	被动	—	被动 | rend:custom(郭淮陇西)	每回合末，本回合未受伤害则统率 +3%（最多四层）；受到伤害清零。
荀攸	虎	奇策	主动·瞬发	45%	瞬发 45 | st(e1,计穷,1); buff(last,def,-10,2); dmg(last,1.0,mag)	敌方随机一人计穷 1 回合并破甲 10% 两回合。
程昱	虎	十面埋伏	主动·准备	42%	准备 42 | dmg(e3,1.1,mag); st(eagimin,怯战,1)	准备一回合。对敌方 3 人 1.1 倍谋略，敌方速度最低者怯战 1 回合。
钟会	虎	野心	被动	—	被动 | allydeath:custom(钟会野心); enemydeath:heal(self,6)	我方有人退场时钟会武力、智力各 +6%（最多三层）。敌方有人退场时钟会回兵 5%。
蔡文姬	虎	胡笳	主动·瞬发	50%	瞬发 50 | cleanse(a2); heal(last,5)	我方 2 人解控并回兵 5%。
戏志才	虎	先知	指挥	—	指挥 | buff(aall,agi,12,1); buff(eall,rate,-20,1)	我方首回合速度 +12%。敌方首回合主动发动率 −20%。
魏延	虎	子午奇兵	主动·瞬发	38%	瞬发 38 | dmg(eback2,1.8)@front; dmg(eback2,2.2)@back	对敌方速度最低的 2 人 1.8 倍兵刃。魏延不在前排时倍率 +0.4。
关平	虎	护父	被动	—	被动 | setup:buff(self,def,10)@in:关羽; setup:buff(self,atk,8)@notin:关羽; sub(a:关羽,40,0.8)	关羽在场时关平统率 +10%，关羽受到单体攻击时关平 40% 替受、伤害 −20%。关羽不在场时改为自身武力 +8%。
关兴	虎	复仇	主动·瞬发	42%	瞬发 42 | dmg(e1,2.2)	对单体 2.2 倍兵刃。目标本场击杀过我方将领时倍率 +1.0。
张苞	虎	猛子	追击	50%	追击 50 | dmg(tgt,1.0); dmgby(a:关兴,tgt,0.6)@in:关兴	普攻后追击 1.0 倍。关兴在场时张苞追击后关兴也追击 0.6 倍。
王平	虎	无当飞军	兵种	—	兵种 | buff(self,magin,-25); buff(self,dodge,12); buff(afront3,pursuein,-20)	王平受到的谋略伤害 −25%，闪避 +12%。王平在场时我方前排受到的追击伤害 −20%。
马岱	虎	谁敢杀我	被动	—	被动 | eprep:interrupt(30,1.2)	敌方开始准备技能时，马岱 30% 立即对其攻击 1.2 倍并中断准备。
严颜	虎	断头将军	被动	—	被动 | rend:buff(self,def,15)@hp<50; death:dmg(src,1.5)	兵力低于 50% 时统率 +15%，免疫挑衅、震慑。退场时对最后攻击者造成 1.5 倍兵刃。
夏侯霸	虎	归蜀	被动	—	被动 | setup:buff(self,dmgout,12); setup:buff(self,dmgin,-20)	魏阵营对夏侯霸的伤害 −20%，夏侯霸对魏阵营伤害 +12%。
孙尚香	虎	弓腰姬	追击	55%	追击 55 | dmg(eagimax,1.2)@in:刘备; dmg(eagimax,0.9)@notin:刘备	普攻后对敌方速度最高者追击 0.9 倍。刘备在场时 1.2 倍。
徐庶	虎	一言不发	指挥	—	指挥 | st(eintmax,计穷,2)	敌方智力最高者计穷 2 回合。
马良	虎	白眉	指挥	—	指挥 | buff(aside:蜀,int,8); buff(aall,ctrlhit,12)	我方蜀阵营文臣智力 +8%。我方控制类技能命中 +12%。
黄月英	虎	诸葛连弩	主动·准备	40%	准备 40 | dmg(eall,0.6,mag); buff(last,def,-8,2)	准备一回合。对敌全体 0.6 倍谋略，破甲 8% 两回合。
蒋琬	虎	治国	指挥	—	指挥 | buff(aall,maxhp,5); rend:heal(ahpmin,3)	我方全体兵力上限 +5%。每回合末我方兵力最低者回兵 3%。
陈到	虎	白毦兵	兵种	—	兵种 | shield(afront3,8); atk:dmg(other,0.4); sbreak:buff(who,def,5,2)	我方前排三人各得 8% 兵力护盾。陈到普攻附带对另一目标 0.4 倍。护盾被击破的将领统率 +5% 两回合。
黄盖	虎	苦肉计	被动	—	被动 | rend:custom(黄盖苦肉); atk:dot(tgt,灼烧,1,2)@hp<30	兵力每少 20%，武力 +4%（最多四层）。兵力低于 30% 时普攻附带灼烧 1 回合。
程普	虎	铁脊蛇矛	追击	48%	追击 48 | dmg(tgt,1.3)@fac>=3; dmg(tgt,1.0)@faclt3	普攻后追击 1.0 倍。我方吴阵营在场三人以上时追击 1.3 倍。
韩当	虎	解烦兵	兵种	—	兵种 | buff(self,ctrllen,-100); buff(self,pursuein,-40); hit:counter(35,0.8)	韩当受到的控制持续 −1 回合。受到伤害后 35% 反击 0.8 倍。敌方对韩当的追击伤害 −40%。
周泰	虎	护主	被动	—	被动 | sub(a:孙权,60,0.75); sub(a:孙策,60,0.75); hit:custom(周泰护主)	孙权、孙策受到单体攻击时周泰 60% 替受，伤害 −25%。替受满三次后周泰统率 +10%。
凌统	虎	与父仇	主动·瞬发	42%	瞬发 42 | dmg(e1,2.0); st(last,怯战,1)	对单体 2.0 倍兵刃并怯战 1 回合。
丁奉	虎	雪中奋短兵	主动·瞬发	40%	瞬发 40 | dmg(e3,1.1)	对敌方 3 人 1.1 倍兵刃。
徐盛	虎	疑城	指挥	—	指挥 | buff(eall,rate,-12,2); buff(aall,dodge,40,1)	敌方前两回合主动发动率 −12%，首回合普攻 40% 落空。
陆抗	虎	守荆州	被动	—	被动 | setup:buff(self,def,10); rend:heal(aall,1); setup:flag(noattack:羊祜)	统率 +10%。陆抗在场时我方每回合末回兵 1%。敌方有羊祜时两人互不选对方为目标。
鲁肃	虎	榻上策	指挥	—	指挥 | buff(aall,int,8); buff(aall,def,5)@allyfac:蜀	我方全体智力 +8%。我方吴、蜀阵营同在时统率再 +5%。
诸葛瑾	虎	使者	主动·瞬发	48%	瞬发 48 | heal(a2,6); dispel(e1)	我方随机 2 人回兵 6%，驱散敌方随机 1 人。
小乔	虎	琴瑟	主动·瞬发	50%	瞬发 50 | heal(ahpmin,8)	我方兵力最低者回兵 8%。周瑜在场时周瑜的准备两回合内不被打断。
张昭	虎	舌战	主动·瞬发	42%	瞬发 42 | st(eintmin,计穷,2); dmg(last,1.0,mag); setup:buff(self,magin,15)	敌方智力最低者计穷 2 回合。张昭受到的谋略伤害 +15%。
张角	虎	太平要术	主动·准备	40%	准备 40 | dmg(eall,0.6,mag); st(last,混乱,1,30)	准备一回合。对敌全体 0.6 倍谋略，30% 混乱 1 回合。
孟获	虎	屡败屡战	被动	—	被动 | lethal:custom(孟获七擒)	退场时以 25% 兵力回场一次（每场一次），回场后统率 +5%。
李傕	名	反攻长安	主动·瞬发	40%	瞬发 40 | dmg(e1,1.8)@notin:郭汜; dmg(e2,1.5)@in:郭汜	对单体 1.8 倍兵刃。郭汜在场时改为对 2 人 1.5 倍。
郭汜	名	掠阵	追击	45%	追击 45 | dmg(tgt,0.9); rstart:buff(self,pursue,10,1)@in:李傕	普攻后追击 0.9 倍。李傕在场时追击率 +10%。
徐荣	名	荥阳伏兵	被动	—	被动 | setup:buff(self,dodge,50,1); setup:buff(self,atkmult,60,1)	敌方首回合对徐荣的攻击 60% 落空。徐荣首回合普攻倍率 +0.5。
韩遂	名	三十年	被动	—	被动 | rend:heal(self,5)@every3; setup:buff(self,ctrllen,-100)	每三回合末韩遂回兵 5%。韩遂受到的控制持续 −1 回合。
麹义	名	先登死士	兵种	—	兵种 | setup:buff(self,pursuein,-30); setup:buff(self,dmgout,20)	麹义对速度高于自己的目标伤害 +20%。麹义受到的追击伤害 −30%。
高览	名	庭柱	被动	—	被动 | rstart:buff(self,def,10,1)@fac>=3	我方汉阵营在场三人以上时统率 +10%。
淳于琼	名	大戟士	兵种	—	兵种 | rstart:buff(self,atk,12,1)@r<=3; rstart:buff(self,atk,-5,1)@r>=4	前三回合淳于琼武力 +12%。第四回合起 −5%（醉了）。
纪灵	名	三尖刀	主动·瞬发	42%	瞬发 42 | dmg(e1,1.9); st(last,怯战,1)@tgtin:刘备,关羽,张飞	对单体 1.9 倍兵刃。目标是刘备、关羽、张飞时怯战 1 回合。
蔡瑁	名	荆州水军	指挥	—	指挥 | buff(aall,agi,6); buff(aall,maxhp,4)@in:张允	我方全体速度 +6%。张允在场时我方兵力上限 +4%。
黄祖	名	江夏弓弩	追击	42%	追击 42 | dmg(eagimax,0.8)	普攻后对敌方速度最高者追击 0.8 倍。
朱儁	名	平寇	被动	—	被动 | setup:buff(self,dmgout,20)@vs:无; setup:buff(self,def,8)@in:皇甫嵩	对无阵营敌人伤害 +20%。皇甫嵩在场时朱儁统率 +8%。
阎行	名	折矛	主动·瞬发	38%	瞬发 38 | dmg(eatkmax,2.0); dmg(last,1.0)@lastis:马超; st(last,缴械,1)@lastis:马超	对敌方武力最高者 2.0 倍兵刃。目标是马超时倍率 +1.0 且缴械 1 回合。
臧洪	名	死守东武阳	被动	—	被动 | rend:buff(self,def,12)@hp<50; rend:buff(self,dmgin,-12)@hp<50; death:buff(aall,atk,4)	兵力低于 50% 后统率 +12%，受到的伤害 −12%。退场时我方全体武力 +4%（怒）。
丁原	名	建阳	指挥	—	指挥 | buff(aside:汉,def,6); buff(e:吕布,atk,-20,1)	我方汉阵营将领统率 +6%。吕布在敌方时吕布首回合 −20% 武力（旧主）。
吕玲绮	名	将门虎女	追击	48%	追击 48 | dmg(tgt,1.2)@in:吕布; dmg(tgt,0.9)@notin:吕布	普攻后追击 0.9 倍。吕布在场时追击 1.2 倍。
刘表	名	坐守荆襄	指挥	—	指挥 | buff(afront3,def,8); st(self,隐身,3)	我方前排三人统率 +8%。刘表本人前三回合不能被选为单体目标。
刘璋	名	东州兵	兵种	—	兵种 | buff(aall,maxhp,5); buff(self,dmgin,10)	我方全体兵力上限 +5%。刘璋本人受到的伤害 +10%（暗弱）。
袁术	名	仲氏	指挥	—	指挥 | buff(aall,atk,5); rend:dmgself(1)	我方全体武力 +5%。每回合末袁术自损 1% 兵力（蜜水）。袁术上阵的仗赢了金币 +10%。
陶谦	名	丹阳兵	兵种	—	兵种 | buff(afront3,maxhp,8); death:heal(a1,10)	我方前排三人兵力上限 +10%。陶谦退场时我方随机一人回兵 8%（让徐州）。
汉献帝	名	天子诏	指挥	—	指挥 | buff(aall,def,5); buff(aside:汉,rate,6)	我方全体统率 +6%。我方汉阵营将领主动发动率 +5%。
董承	名	衣带诏	指挥	—	指挥 | buff(eside:魏,rate,-25,1)	敌方魏阵营将领首回合主动发动率 −25%。
吉平	名	太医	主动·瞬发	48%	瞬发 48 | heal(ahpmin,7); dot(e1,中毒,2,2)	我方兵力最低者回兵 7%。同时敌方随机一人中毒 2 回合，每回合 2%。
刘虞	名	仁政	主动·瞬发	50%	瞬发 50 | heal(a2,5)	我方随机 2 人回兵 5%。
许劭	名	月旦评	指挥	—	指挥 | buff(e1,dmgin,12); buff(a1,rate,10)	开场随机评一名敌将：全场对其伤害 +12%；评一名我方将领：其主动发动率 +10%。
曹节	名	掷玺	主动·瞬发	45%	瞬发 45 | dispel(e2); dmg(last,0.8,mag)	驱散敌方随机 2 人。
张鲁	名	五斗米	主动·瞬发	45%	瞬发 45 | heal(a2,5); shield(last,3)	我方随机 2 人回兵 5%，各得 3% 兵力护盾。
孔融	名	让梨	指挥	—	指挥 | rend:heal(ahpmin,4); buff(self,dmgin,10)	我方兵力最低者每回合末回兵 4%。孔融本人受到的伤害 +10%。
卢植	名	儒将	被动	—	被动 | setup:flag(atk_kind,best); setup:buff(a:刘备,def,6); setup:buff(a:公孙瓒,def,6)	卢植普攻按武力、智力取高者结算。刘备、公孙瓒在场时二人统率 +6%（师）。
审配	名	守邺	被动	—	被动 | setup:buff(self,def,10); setup:buff(aall,pursuein,-12)	审配统率 +12%。审配在场时我方受到的追击伤害 −10%。
逢纪	名	谗	主动·瞬发	40%	瞬发 40 | st(e1,怯战,2); dmg(last,1.0,mag)	敌方随机一人怯战 2 回合。
郭图	名	误主	指挥	—	指挥 | buff(eall,rate,-8); buff(aall,rate,-3)	敌方主动发动率 −8%。我方主动发动率 −3%（他出的主意）。
许攸	名	夜奔	主动·瞬发	42%	瞬发 42 | dispel(e1); dmg(last,1.0,mag); buff(a1,atk,5,1)	驱散敌方随机 1 人，并把驱散掉的增益转给我方随机一人 1 回合。
蹇硕	名	西园校尉	指挥	—	指挥 | buff(eatkmax,def,-10,3)	敌方武力最高者破甲 10% 三回合。
祢衡	名	击鼓骂曹	主动·瞬发	45%	瞬发 45 | st(e1,挑衅,1); buff(last,def,-6,2); dmg(last,1.0,mag); setup:buff(self,dmgin,15)	敌方随机一人挑衅 1 回合并破甲 6% 两回合。祢衡受到伤害 +15%。
蒯良	名	臼犯之谋	主动·瞬发	42%	瞬发 42 | st(e1,计穷,1); st(e1,计穷,1)@in:蒯越; dmg(last,1.0,mag)	敌方随机一人计穷 1 回合。蒯越在场时改为 2 人。
蒯越	名	异度	指挥	—	指挥 | buff(eall,pursue,-20,2); buff(aall,int,5)@in:蒯良	敌方前两回合追击率 −20%。蒯良在场时我方智力 +5%。
曹洪	名	天下可无洪	被动	—	被动 | setup:buff(self,def,10)@notin:曹操	曹操受到致命伤害时曹洪替死一次（曹洪退场，曹操留 1% 兵力）。曹操不在场时曹洪统率 +10%。
曹休	名	千里驹	追击	45%	追击 45 | dmg(tgt,1.2)@fasterthan; dmg(tgt,0.9)@notfasterthan	普攻后追击 0.9 倍。曹休速度高于目标时 1.2 倍。
曹纯	名	虎豹骑	兵种	—	兵种 | buff(aall,agi,10,1); atk:dmg(other,0.6)@r<=2; rstart:buff(self,atk,8)@r==3	我方全体首回合速度 +10%。曹纯前两回合普攻附带对另一目标 0.6 倍冲撞。第三回合起曹纯武力 +8%。
夏侯尚	名	伯仁	被动	—	被动 | rstart:buff(self,atk,8,1)@fac>=3	我方魏阵营将领在场三人以上时武力 +8%。
李典	名	儒将	被动	—	被动 | setup:buff(self,magin,-20); setup:buff(a:张辽,rate,6); setup:buff(a:乐进,rate,6)	受到谋略伤害 −20%。张辽、乐进在场时二人主动发动率 +6%。
臧霸	名	泰山寇	主动·瞬发	42%	瞬发 42 | dmg(ehpmin,1.8)	对敌方兵力最低者 1.8 倍兵刃。
文聘	名	守江夏	被动	—	被动 | setup:buff(self,def,10)	统率 +10%。
文鸯	名	单骑退雄兵	追击	50%	追击 50 | dmg(tgt,1.0); rend:custom(文鸯集火)	普攻后追击 1.0 倍。同一回合被两人以上攻击时，下回合追击必发。
郝昭	名	守陈仓	被动	—	被动 | rstart:shield(self,12)@every3r1; hit:reflect(20)	郝昭得 12% 兵力护盾（每三回合重置一次）。护盾存在时反弹所受伤害 20%。
王双	名	流星锤	主动·瞬发	40%	瞬发 40 | dmg(e1,2.0); st(last,震慑,1,30)	对单体 2.0 倍兵刃，30% 震慑 1 回合。
陈泰	名	玄伯	被动	—	被动 | setup:buff(aside:魏,magin,-12)	陈泰在场时我方魏阵营将领受到的谋略伤害 −12%。
王濬	名	楼船	主动·准备	38%	准备 38 | shield(e3,0); dmg(last,1.4)	准备一回合。对敌方 3 人 1.4 倍兵刃，驱散其护盾（铁锁沉江）。
李进	名	县豪	被动	—	被动 | setup:buff(self,dmgout,25)@vs:无双	对无双品阶敌人伤害 +25%。
阎柔	名	胡骑	兵种	—	兵种 | buff(self,agi,10); atk:custom(阎柔胡骑)	阎柔速度 +10%。阎柔普攻后 30% 召来一次 0.6 倍的胡骑追击（不算追击，不被怯战停）。
王异	名	守冀城	被动	—	被动 | hit:heal(self,2); setup:buff(self,def,6)@in:赵昂	受击后回兵 2%（每回合最多两次）。赵昂在场时王异统率 +6%。
司马师	名	三千死士	指挥	—	指挥 | buff(afront3,dmgout,20,1); st(self,隐身,1)	我方前排三人首回合伤害 +20%。司马师本人首回合隐身。
司马昭	名	路人皆知	指挥	—	指挥 | buff(eall,rate,-12,1); buff(aall,int,5)@in:司马师	敌方全体首回合主动发动率 −12%。司马师在场时我方智力 +5%。
满宠	名	酷吏	被动	—	被动 | setup:flag(dotout,1.0); atk:dot(tgt,中毒,1,1)	满宠施加的中毒、灼烧伤害翻倍。满宠普攻附带中毒 1 回合（每回合 1%）。
刘晔	名	霹雳车	主动·准备	38%	准备 38 | shield(eall,0); dmg(last,0.5,mag)	准备一回合。驱散敌方全体的护盾，再对全体 0.5 倍谋略。
王朗	名	骂阵	主动·瞬发	45%	瞬发 45 | custom(王朗骂死)	敌方智力最高者挑衅 1 回合。若目标是诸葛亮，王朗退场（被骂死）并使我方全体武力 +5%。
华歆	名	逼宫	主动·瞬发	42%	瞬发 42 | dispel(e1); st(last,计穷,1); dmg(last,1.0,mag)	驱散敌方随机 1 人并使其计穷 1 回合。
杜预	名	破竹	被动	—	被动 | enemydeath:custom(杜预破竹)	敌方每退场一人，杜预武力、智力各 +4%（最多四层）。
杨阜	名	反间	主动·瞬发	40%	瞬发 40 | dispel(e1); dmg(last,1.0,mag); buff(a1,atk,5,2)	驱散敌方随机 1 人，驱散到的增益转给我方随机一人 2 回合。目标是马超时必中。
马钧	名	机关	主动·准备	40%	准备 40 | dmg(e3,1.0,mag)	准备一回合。对敌方 3 人 1.0 倍谋略。
管辂	名	卜卦	指挥	—	指挥 | buff(aall,ctrlhit,12); buff(e1,dmgin,10)	我方主动技能命中 +12%。开场揭示敌方一人：全场对其伤害 +10%。
杨修	名	看破	被动	—	被动 | eprep:interrupt(25); setup:buff(self,dmgin,10)	敌方开始准备技能时，杨修 25% 使其中断。杨修受到的伤害 +10%（曹操不喜）。
陈登	名	湖海	指挥	—	指挥 | buff(aall,def,6); buff(e:孙策,rate,-20)	我方全体统率 +6%。敌方有孙策时孙策主动发动率 −20%。
陈群	名	九品	指挥	—	指挥 | buff(atier:名+,def,6)	我方名档及以上将领统率 +6%，名档以下 +0（重门第）。
钟繇	名	元常	指挥	—	指挥 | buff(arole:文臣,def,8); buff(arole:辅助,def,8)	我方文臣、辅助统率 +8%。
羊祜	名	德服	主动·瞬发	48%	瞬发 48 | heal(a2,5); setup:flag(noattack:陆抗)	我方随机 2 人回兵 5%。敌方有陆抗时两人互不选对方为目标。
曹丕	名	篡汉	指挥	—	指挥 | buff(aside:魏,rate,6); buff(eside:汉,def,-12,1)	我方魏阵营主动发动率 +6%。敌方汉阵营将领首回合统率 −12%。
甄姬	名	洛神	主动·瞬发	48%	瞬发 48 | heal(ahpmin,7); cleanse(last)	我方兵力最低者回兵 7%并解控。
田畴	名	向导	指挥	—	指挥 | buff(aall,dodge,8); buff(aall,agi,10,1)	我方全体闪避 +10%。我方首回合速度 +8%。
张春华	名	灭口	主动·瞬发	40%	瞬发 40 | st(e1,计穷,1); st(last,计穷,1)@lastintlt; dmg(last,1.0,mag)	敌方随机一人计穷 1 回合。目标智力低于张春华时改为 2 回合。
廖化	名	先锋	被动	—	被动 | rstart:buff(self,atk,8,1)@nlt; rstart:buff(self,def,8,1)@nlt	我方在场人数少于敌方时廖化武力、统率各 +8%。
周仓	名	扛刀	被动	—	被动 | setup:buff(self,def,10)@in:关羽; setup:buff(self,atk,8)@notin:关羽; sub(a:关羽,40,1.0)@srctag:pursue	关羽在场时周仓统率 +10%，关羽受到追击时周仓 40% 替受。关羽不在场时改为武力 +8%。
吴懿	名	国舅	指挥	—	指挥 | buff(aside:蜀,def,6)	我方蜀阵营将领统率 +6%。
张翼	名	稳守	被动	—	被动 | setup:buff(self,def,8); hit:counter(20,0.7)	统率 +8%。受到伤害后 20% 反击 0.7 倍。
张嶷	名	抚夷	被动	—	被动 | setup:buff(self,dmgout,20)@vs:无; setup:buff(self,dmgin,-12)@vsin:无	对无阵营敌人伤害 +20%，受到无阵营敌人伤害 −12%。
傅佥	名	阳安关	被动	—	被动 | rend:buff(self,atk,15)@hp<40	兵力低于 40% 时武力 +15%，不能被挑衅。
诸葛瞻	名	绵竹	被动	—	被动 | setup:flag(atk_kind,best); setup:buff(self,int,10)@in:诸葛亮	诸葛瞻普攻按武力、智力取高者结算。诸葛亮在场时智力 +10%。
霍峻	名	守葭萌	被动	—	被动 | rstart:shield(self,10)@every3r1; rstart:buff(self,def,6,1)@shielded	霍峻得 10% 兵力护盾（每三回合重置）。护盾存在时统率 +6%。
罗宪	名	守永安	被动	—	被动 | setup:buff(self,dmgin,-20)@vsin:吴; rend:heal(self,4)@hp<50	受到吴阵营伤害 −20%。兵力低于 50% 时回兵 4% 每回合。
李严	名	正方	指挥	—	指挥 | buff(aall,maxhp,4); flag(no_active)@in:诸葛亮	我方全体兵力上限 +4%。诸葛亮在场时李严主动不发（争权）。
刘封	名	养子	主动·瞬发	42%	瞬发 42 | dmg(e1,1.8); setup:flag(noattack:关羽)	对单体 1.8 倍兵刃。关羽在敌方时刘封不能攻击关羽。
关索	名	花关索	追击	46%	追击 46 | dmg(tgt,1.1)@in:鲍三娘; dmg(tgt,0.9)@notin:鲍三娘	普攻后追击 0.9 倍。鲍三娘在场时 1.1 倍。
鲍三娘	名	三娘	主动·瞬发	42%	瞬发 42 | dmg(e1,1.8); st(last,怯战,1)@in:关索	对单体 1.8 倍兵刃。关索在场时附带怯战 1 回合。
傅肜	名	断后	被动	—	被动 | allydeath:custom(傅肜断后层); rend:custom(傅肜不倒); lethal:custom(傅肜免死)	我方有人退场时傅肜统率 +6%（最多三层）。傅肜兵力低于 20% 时不会退场，持续 1 回合（每场一次）。
柳隐	名	黄金围	被动	—	被动 | setup:buff(self,def,12)	统率 +12%。
习珍	名	孤山	被动	—	被动 | rstart:buff(self,atk,10,1)@nlt4; rstart:buff(self,def,10,1)@nlt4	我方在场人数少于四人时习珍武力、统率各 +10%。
关银屏	名	银屏	追击	46%	追击 46 | dmg(tgt,1.1)@inany:关羽,关平,关兴; dmg(tgt,0.9)@notinany:关羽,关平,关兴	普攻后追击 0.9 倍。关羽、关平、关兴任一人在场时 1.1 倍。
马云禄	名	云禄	追击	46%	追击 46 | dmg(tgt,1.1)@inany:马超,赵云; dmg(tgt,0.9)@notinany:马超,赵云	普攻后追击 0.9 倍。马超或赵云在场时 1.1 倍。
邓芝	名	使吴	指挥	—	指挥 | buff(aside:吴,rate,8); buff(eside:吴,rate,-8,1)	我方吴阵营将领主动发动率 +8%。敌方吴阵营首回合主动发动率 −8%。
秦宓	名	天辩	主动·瞬发	42%	瞬发 42 | st(eintmax,计穷,1); st(last,计穷,1)@lastintlt; dmg(last,1.0,mag)	敌方智力最高者计穷 1 回合。目标智力低于秦宓时改为 2 回合。
马谡	名	言过其实	主动·瞬发	45%	瞬发 45 | dmg(e3,1.0,mag); buff(self,def,-10,2)	对敌方 3 人 1.0 倍谋略。发动后马谡自身统率 −10% 两回合（上山）。
杨仪	名	威公	指挥	—	指挥 | buff(arole:文臣,rate,6); buff(a:魏延,def,-5)	我方文臣主动发动率 +6%。魏延在场时魏延统率 −5%（不和）。
谯周	名	劝降	主动·瞬发	40%	瞬发 40 | st(ehpmin,怯战,2); dmg(last,1.0,mag)	敌方兵力最低者怯战 2 回合。
张松	名	献图	指挥	—	指挥 | buff(efront3,dmgin,10)	开场揭示敌方前排：我方对敌方前排三人伤害 +10%。
董允	名	休昭	指挥	—	指挥 | buff(aall,def,5); buff(aall,ctrllen,0)	我方全体统率 +5%。我方受到的怯战、迷惑持续 −1 回合。
费祎	名	文伟	主动·瞬发	48%	瞬发 48 | heal(a2,5)	我方随机 2 人回兵 5%。
糜竺	名	富商	指挥	—	指挥 | rend:heal(ahpmin,2)	糜竺上阵的仗赢了金币 +15%。我方兵力最低者每回合末回兵 2%。
简雍	名	宪和	主动·瞬发	45%	瞬发 45 | st(e1,怯战,1); dmg(last,0.8,mag); heal(a1,4)	敌方随机一人怯战 1 回合，我方随机一人回兵 4%。
孙乾	名	公祐	指挥	—	指挥 | buff(aside:蜀,rate,6)	我方蜀阵营将领主动发动率 +6%。
伊籍	名	檀溪示警	指挥	—	指挥 | buff(aall,dodge,20,1)	我方全体首回合闪避 +20%。
糜夫人	名	投井	被动	—	被动 | death:heal(ahpmin,12)	糜夫人退场时我方兵力最低者回兵 12%（把阿斗交出去）。
刘巴	名	直百钱	指挥	—	指挥 | buff(arole:文臣,def,5)	刘巴上阵的仗赢了金币 +20%。我方文臣统率 +5%。
蒲元	名	神刀	指挥	—	指挥 | buff(arole:武将,atk,6); buff(arole:武将,crit,6)	我方武将武力 +6%。我方兵器擅长加成 +6%。
蒋钦	名	公奕	追击	45%	追击 45 | dmg(tgt,0.9)	普攻后追击 0.9 倍。
陈武	名	子烈	主动·瞬发	42%	瞬发 42 | dmg(ehpmin,1.9)	对敌方兵力最低者 1.9 倍兵刃。
董袭	名	元代	被动	—	被动 | rstart:buff(self,atk,10,1)@hp>70; death:dmg(e1,1.2)	兵力高于 70% 时武力 +10%。退场时对随机一人造成 1.2 倍兵刃。
潘璋	名	擒关	主动·瞬发	40%	瞬发 40 | dmg(ehpmax,1.8); st(last,缴械,1)@lastis:关羽	对敌方兵力最高者 1.8 倍兵刃。目标是关羽时缴械 1 回合（马忠在场时必中）。
朱桓	名	休穆	被动	—	被动 | rstart:buff(self,atk,12,1)@nlt	我方在场人数少于敌方时朱桓武力 +12%。
朱然	名	守江陵	被动	—	被动 | setup:buff(self,def,10); rend:shield(self,6)@nohit	统率 +10%。连续两回合未受伤害时得 6% 兵力护盾。
全琮	名	山越兵	兵种	—	兵种 | buff(self,physin,-12); atk:dmg(other,0.4)	全琮受到的兵刃伤害 −12%。全琮普攻附带 0.4 倍溅射一人。
凌操	名	凌操	追击	45%	追击 45 | dmg(tgt,0.9); setup:buff(a:凌统,pursue,5)	普攻后追击 0.9 倍。凌统在场时凌统追击率 +5%。
朱治	名	君理	指挥	—	指挥 | buff(aside:吴,def,6)	我方吴阵营将领统率 +6%。
吕岱	名	定公	被动	—	被动 | rend:custom(吕岱定公)@every3	每三回合末吕岱武力、统率各 +3%（最多四层）。
贺齐	名	华甲	被动	—	被动 | setup:buff(self,def,12); setup:buff(afront3,dmgin,-12,1)	统率 +12%。贺齐在场时敌方首回合对我方前排的攻击 −12%（军容吓人）。
留赞	名	吟啸	主动·瞬发	40%	瞬发 40 | buff(aall,atk,8,2); buff(self,dmgin,10,2); dmg(e1,1.0)	我方全体武力 +8% 两回合，并对敌方一人 1.0 倍兵刃。留赞本人受到的伤害 +10% 两回合。
诸葛恪	名	东兴	主动·瞬发	40%	瞬发 40 | dmg(e3,1.0,mag); buff(self,def,-12,2)	对敌方 3 人 1.0 倍谋略。发动后诸葛恪自身统率 −12% 两回合（新城）。
步骘	名	子山	指挥	—	指挥 | buff(arole:文臣,def,6)	我方文臣统率 +6%。
阚泽	名	诈降书	指挥	—	指挥 | buff(aall,dodge,20,1); buff(aall,dotout,20)@in:黄盖	首回合我方全体闪避 +20%。黄盖在场时我方灼烧伤害 +20%。
虞翻	名	骂	主动·瞬发	45%	瞬发 45 | st(e1,挑衅,1); dmg(last,1.0,mag)	敌方随机一人挑衅 1 回合。
陆凯	名	敬风	指挥	—	指挥 | buff(aall,burnin,-25)	我方全体受到的中毒、灼烧伤害 −25%。
周鲂	名	断发	主动·瞬发	38%	瞬发 38 | st(e1,迷惑,1); dmg(last,1.0,mag)	敌方随机一人迷惑 1 回合。目标是曹休时必中且 2 回合。
徐氏	名	设伏	被动	—	被动 | hit:custom(徐氏设伏)	徐氏受到单体攻击后，我方随机一人对攻击者反击 0.8 倍（每回合一次）。
吕范	名	子衡	指挥	—	指挥 | buff(aall,def,4)	吕范上阵的仗赢了金币 +10%。我方全体统率 +4%。
顾雍	名	元叹	指挥	—	指挥 | buff(aall,ctrllen,-100)	我方全体受到的控制持续 −1 回合（最少 1 回合）。
张纮	名	子纲	指挥	—	指挥 | buff(awen:吴,int,8)	我方吴阵营文臣智力 +8%。
大乔	名	大乔	主动·瞬发	48%	瞬发 48 | heal(ahpmin,7); heal(a:孙策,3)	我方兵力最低者回兵 7%。孙策在场时孙策再回兵 3%。
吴国太	名	相女婿	指挥	—	指挥 | buff(aall,def,5); buff(a:刘备,rate,6)@in:孙权; buff(a:孙权,rate,6)@in:刘备	我方全体统率 +6%。刘备、孙权同在时二人主动发动率 +6%。
张宝	名	妖术	主动·瞬发	42%	瞬发 42 | st(e2,混乱,1); dmg(last,0.6,mag)	敌方随机 2 人混乱 1 回合。
张梁	名	地公	主动·瞬发	42%	瞬发 42 | dmg(e3,1.0); dmg(last,0.2)@inany:张角,张宝	对敌方 3 人 1.0 倍兵刃。张角或张宝在场时，再补 0.2 倍。
管亥	名	围北海	被动	—	被动 | rstart:buff(self,atk,12,1)@nge	我方在场人数多于敌方时管亥武力 +12%。
张燕	名	黑山	被动	—	被动 | setup:buff(self,agi,10); setup:buff(self,pursuein,-25)	速度 +10%。张燕受到的追击伤害 −25%。
祝融	名	飞刀	追击	48%	追击 48 | dmg(tgt,0.9,hit)	普攻后追击 0.9 倍，必中。
沙摩柯	名	蛮王	主动·瞬发	40%	瞬发 40 | dmg(eagimax,2.0); dmg(last,1.0)@lastis:甘宁	对敌方速度最高者 2.0 倍兵刃。目标是甘宁时倍率 +1.0。
兀突骨	名	藤甲兵	兵种	—	兵种 | buff(self,physin,-50); buff(self,burnin,100)	兀突骨受到的兵刃伤害 −50%。受到的灼烧伤害 +100%。
木鹿大王	名	驱兽	主动·瞬发	40%	瞬发 40 | dmg(e3,1.0,mag); st(e1,怯战,1)	对敌方 3 人 1.0 倍谋略，另使敌方随机一人怯战 1 回合。
朵思大王	名	毒泉	主动·瞬发	42%	瞬发 42 | dot(e2,中毒,2,2); dmg(last,0.8,mag)	敌方随机 2 人中毒 2 回合，每回合 2%。
越吉元帅	名	铁车	主动·准备	38%	准备 38 | dmg(e3,1.1)	准备一回合。对敌方 3 人 1.1 倍兵刃。
蹋顿	名	乌桓突骑	兵种	—	兵种 | buff(self,agi,10); atk:dmg(other,0.5)	蹋顿速度 +10%。蹋顿普攻附带对另一目标 0.5 倍。
轲比能	名	鲜卑	被动	—	被动 | rend:heal(self,2); setup:buff(self,agi,8)	每回合末回兵 2%。速度 +8%。
公孙渊	名	辽东	被动	—	被动 | setup:buff(self,def,10); setup:buff(self,rate,-10)@en:司马懿	统率 +10%。司马懿在敌方时公孙渊主动发动率 −10%（怕）。
花鬘	名	花鬘	追击	46%	追击 46 | dmg(tgt,1.1)@in:关索; dmg(tgt,0.9)@notin:关索	普攻后追击 0.9 倍。关索在场时 1.1 倍。
普净	名	点化	主动·瞬发	45%	瞬发 45 | heal(ahpmin,6); cleanse(last); heal(a:关羽,3)	我方兵力最低者回兵 6% 并解控。关羽在场时关羽再回兵 3%。
侯成	骁	盗马	被动	—	被动 | setup:buff(self,agi,12,1); setup:buff(self,dmgout,12)@en:吕布	首回合速度 +12%。吕布在敌方时侯成对吕布伤害 +12%。
宋宪	骁	缚将	主动·瞬发	38%	瞬发 38 | dmg(e1,1.5); st(last,缴械,1,20)	对单体 1.5 倍兵刃，20% 缴械 1 回合。
魏续	骁	献门	被动	—	被动 | rend:buff(self,def,12)@hp<30	兵力低于 30% 时统率 +12%。
张勋	骁	大将	被动	—	被动 | setup:buff(self,atk,10)@in:袁术	袁术在场时武力 +10%。
桥蕤	骁	桥蕤	追击	40%	追击 40 | dmg(tgt,0.8)	普攻后追击 0.8 倍。
张济	骁	张济	追击	40%	追击 40 | dmg(tgt,1.0)@in:张绣; dmg(tgt,0.8)@notin:张绣	普攻后追击 0.8 倍。张绣在场时 1.0 倍。
樊稠	骁	樊稠	主动·瞬发	40%	瞬发 40 | dmg(e1,1.6)	对单体 1.6 倍兵刃。
牛辅	骁	惧	被动	—	被动 | rend:buff(self,dodge,20,1)@hp<50; rend:buff(self,atk,-10,1)@hp<50	兵力低于 50% 时闪避 +20%，武力 −10%。
张允	骁	水军	指挥	—	指挥 | buff(aall,agi,4); buff(aall,agi,4)@in:蔡瑁	我方全体速度 +4%。蔡瑁在场时再 +4%。
泠苞	骁	泠苞	主动·瞬发	40%	瞬发 40 | dmg(e1,1.6)	对单体 1.6 倍兵刃。
邓贤	骁	邓贤	追击	40%	追击 40 | dmg(tgt,0.8); setup:buff(self,pursue,8)@in:泠苞	普攻后追击 0.8 倍。泠苞在场时追击率 +8%。
刘璝	骁	刘璝	被动	—	被动 | setup:buff(self,def,10)@in:刘璋	刘璋在场时统率 +10%。
鲍信	骁	济北	被动	—	被动 | sub(a:曹操,30,0.8)	曹操在场时曹操受到单体攻击时鲍信 30% 替受（伤害 −20%）。
张邈	骁	陈留	指挥	—	指挥 | buff(aside:汉,def,5)	我方汉阵营将领统率 +5%。
王匡	骁	河内	被动	—	被动 | rstart:buff(self,def,8,1)@nge	我方在场人数多于敌方时统率 +8%。
刘岱	骁	兖州	被动	—	被动 | setup:buff(self,dmgout,12)@vs:无	对无阵营敌人伤害 +12%。
何进	骁	屠户	指挥	—	指挥 | buff(aall,atk,5); buff(self,dmgin,20,1)	我方全体武力 +5%。何进首回合受到的伤害 +20%。
伏皇后	骁	伏后	主动·瞬发	45%	瞬发 45 | heal(a1,5); heal(a1,5)@in:汉献帝	我方随机一人回兵 5%。汉献帝在场时改为 2 人。
韩浩	骁	屯田	指挥	—	指挥 | buff(aall,maxhp,4)	我方全体兵力上限 +4%。
史涣	骁	史涣	追击	42%	追击 42 | dmg(tgt,0.8)	普攻后追击 0.8 倍。
牛金	骁	牛金	主动·瞬发	40%	瞬发 40 | dmg(e1,1.7); dmg(last,0.2)@in:曹仁	对单体 1.7 倍兵刃。曹仁在场时倍率 +0.2。
朱灵	骁	朱灵	被动	—	被动 | setup:buff(self,def,8); hit:counter(15,0.6)	统率 +8%。受到伤害后 15% 反击 0.6 倍。
曹昂	骁	让马	被动	—	被动 | setup:flag(替死曹操)	曹操受到致命伤害时曹昂替死一次（曹操留 1% 兵力）。
夏侯恩	骁	背剑	被动	—	被动 | setup:buff(self,atk,12,1)	首回合武力 +12%。
吕虔	骁	吕虔	被动	—	被动 | setup:buff(self,dmgout,12)@vs:无	对无阵营敌人伤害 +12%。
蔡阳	骁	三通鼓	主动·瞬发	38%	瞬发 38 | dmg(e1,1.6)	对单体 1.6 倍兵刃。
车胄	骁	车胄	被动	—	被动 | setup:buff(self,def,12,1)	首回合统率 +12%。
秦琪	骁	秦琪	追击	40%	追击 40 | dmg(tgt,0.8)	普攻后追击 0.8 倍。
王凌	骁	淮南一叛	被动	—	被动 | rstart:buff(self,atk,10,1)@nlt	我方在场人数少于敌方时武力 +10%。
毌丘俭	骁	淮南二叛	主动·瞬发	40%	瞬发 40 | dmg(e1,1.6)@notin:文钦; dmg(e2,1.3)@in:文钦	对单体 1.6 倍兵刃。文钦在场时改为 2 人 1.3 倍。
诸葛诞	骁	淮南三叛	被动	—	被动 | setup:buff(self,def,10)	统率 +10%。
文钦	骁	文钦	追击	42%	追击 42 | dmg(tgt,0.8); setup:buff(a:文鸯,pursue,5)	普攻后追击 0.8 倍。文鸯在场时文鸯追击率 +5%。
田豫	骁	镇北	被动	—	被动 | setup:buff(self,dmgout,20)@vs:无	对无阵营敌人伤害 +20%。
王经	骁	洮西	被动	—	被动 | rend:buff(self,def,10)@hp<50	兵力低于 50% 时统率 +10%。
韩龙	骁	刺客	主动·瞬发	35%	瞬发 35 | dmg(ehpmin,1.8)	对敌方兵力最低者 1.8 倍兵刃。
毛玠	骁	毛玠	指挥	—	指挥 | buff(aall,def,1)	毛玠上阵的仗赢了金币 +8%。我方全体统率 +1%。
董昭	骁	董昭	指挥	—	指挥 | buff(aside:魏,rate,5)	我方魏阵营将领主动发动率 +5%。
蒋济	骁	蒋济	主动·瞬发	42%	瞬发 42 | st(e1,怯战,1); dmg(last,0.8,mag)	敌方随机一人怯战 1 回合。
糜芳	骁	开门	被动	—	被动 | setup:buff(self,def,8); rend:buff(self,def,-15)@hp<30	统率 +8%。兵力低于 30% 时统率 −15%（降了）。
傅士仁	骁	傅士仁	被动	—	被动 | setup:buff(self,def,8)@in:糜芳	糜芳在场时统率 +8%。
孟达	骁	反复	主动·瞬发	40%	瞬发 40 | dmg(e1,1.6); buff(self,def,-3)	对单体 1.6 倍兵刃。每发动一次自身统率 −3%（最多三层）。
吴班	骁	吴班	主动·瞬发	40%	瞬发 40 | dmg(e1,1.6)	对单体 1.6 倍兵刃。
马忠	骁	南中	被动	—	被动 | setup:buff(self,dmgout,20)@vs:无	对无阵营敌人伤害 +20%。
雷铜	骁	雷铜	追击	40%	追击 40 | dmg(tgt,0.8)	普攻后追击 0.8 倍。
吴兰	骁	吴兰	追击	40%	追击 40 | dmg(tgt,0.8); setup:buff(self,pursue,8)@in:雷铜	普攻后追击 0.8 倍。雷铜在场时追击率 +8%。
高翔	骁	高翔	被动	—	被动 | setup:buff(self,def,8)	统率 +8%。
陈式	骁	陈式	主动·瞬发	40%	瞬发 40 | dmg(e1,1.5)	对单体 1.5 倍兵刃。
句扶	骁	句扶	追击	42%	追击 42 | dmg(tgt,0.8)	普攻后追击 0.8 倍。
向宠	骁	营中之事	指挥	—	指挥 | buff(afront3,def,6)	我方前排三人统率 +6%。
阎宇	骁	阎宇	被动	—	被动 | rstart:buff(self,atk,8,1)@hp>70	兵力高于 70% 时武力 +8%。
王甫	骁	王甫	指挥	—	指挥 | buff(a:关羽,def,8); buff(aall,def,2)@notin:关羽	关羽在场时关羽统率 +8%。关羽不在场时我方全体统率 +2%。
赵累	骁	赵累	指挥	—	指挥 | buff(aall,ctrllen,0)	我方全体受到的迷惑持续 −1 回合。
黄权	骁	谏伐吴	指挥	—	指挥 | buff(aall,dmgin,-8)@vsin:吴	我方全体受到吴阵营的伤害 −8%。
马忠（吴）	骁	绊马索	主动·瞬发	38%	瞬发 38 | dmg(e1,1.5); st(last,震慑,1,25)	对单体 1.5 倍兵刃，25% 震慑 1 回合。目标是关羽时必中。
谢旌	骁	谢旌	主动·瞬发	40%	瞬发 40 | dmg(e1,1.6)	对单体 1.6 倍兵刃。
谭雄	骁	谭雄	追击	40%	追击 40 | dmg(tgt,0.8)	普攻后追击 0.8 倍。
宋谦	骁	宋谦	被动	—	被动 | setup:buff(self,atk,10)@in:孙权	孙权在场时武力 +10%。
贾华	骁	贾华	被动	—	被动 | setup:buff(self,def,8)	统率 +8%。
周善	骁	劫阿斗	被动	—	被动 | setup:buff(self,agi,15,1)	首回合速度 +15%，首回合普攻打敌方速度最低者。
韩综	骁	叛	被动	—	被动 | rend:buff(self,atk,-10,1)@hp<30; rend:buff(self,dodge,20,1)@hp<30	兵力低于 30% 时武力 −10%，闪避 +20%。
孙翊	骁	叔弼	主动·瞬发	40%	瞬发 40 | dmg(e1,1.7); setup:buff(self,dmgin,10)	对单体 1.7 倍兵刃。孙翊受到伤害 +10%。
谷利	骁	救主	被动	—	被动 | sub(a:孙权,50,0.8)	孙权受到单体攻击时谷利 50% 替受（伤害 −20%）。
孙静	骁	孙静	指挥	—	指挥 | buff(aside:吴,def,5)	我方吴阵营将领统率 +5%。
张温	骁	张温	指挥	—	指挥 | buff(awen:吴,int,5)	我方吴阵营文臣智力 +5%。
薛综	骁	薛综	主动·瞬发	42%	瞬发 42 | st(e1,计穷,1); dmg(last,0.8,mag)	敌方随机一人计穷 1 回合。
严畯	骁	严畯	指挥	—	指挥 | buff(arole:文臣,def,5)	我方文臣统率 +5%。
程秉	骁	程秉	主动·瞬发	45%	瞬发 45 | heal(a1,5)	我方随机一人回兵 5%。
是仪	骁	是仪	指挥	—	指挥 | buff(aall,ctrllen,0)	我方全体受到的怯战持续 −1 回合。
程远志	骁	程远志	主动·瞬发	40%	瞬发 40 | dmg(e1,1.6)	对单体 1.6 倍兵刃。
波才	骁	颍川	被动	—	被动 | rstart:buff(self,atk,10,1)@fac>=3	我方无阵营在场三人以上时武力 +10%。
孟优	骁	孟优	被动	—	被动 | setup:buff(self,def,10)@in:孟获	孟获在场时统率 +10%。
迷当大王	骁	羌王	追击	42%	追击 42 | dmg(tgt,0.8)	普攻后追击 0.8 倍。
曹性	校	冷箭	追击	38%	追击 38 | dmg(edefmin,0.7); dmg(edefmin,0.8)@lastis:夏侯惇	普攻后对敌方统率最低者追击 0.7 倍。目标是夏侯惇时再补 0.8 倍。
郝萌	校	郝萌	被动	—	被动 | setup:buff(self,atk,10,1)	首回合武力 +10%。
雷薄	校	雷薄	被动	—	被动 | setup:buff(self,atk,8)@in:陈兰	陈兰在场时武力 +8%。
陈兰	校	陈兰	被动	—	被动 | setup:buff(self,def,8)@in:雷薄	雷薄在场时统率 +8%。
杨昂	校	杨昂	主动·瞬发	38%	瞬发 38 | dmg(e1,1.4)	对单体 1.4 倍兵刃。
杨任	校	杨任	追击	38%	追击 38 | dmg(tgt,0.7)	普攻后追击 0.7 倍。
韩猛	校	韩猛	追击	38%	追击 38 | dmg(tgt,0.7)	普攻后追击 0.7 倍。
蒋义渠	校	蒋义渠	被动	—	被动 | setup:buff(self,def,8)@in:袁绍	袁绍在场时统率 +8%。
邢道荣	校	万夫不当	被动	—	被动 | setup:buff(self,atk,12,1); rstart:buff(self,atk,-5,1)@r>=2	首回合武力 +12%。首回合后 −5%。
潘凤	校	上将	被动	—	被动 | setup:buff(self,atk,15,1); atk:custom(潘凤退场)	首回合武力 +15%。目标是华雄时潘凤退场（每场一次）。
俞涉	校	俞涉	被动	—	被动 | setup:buff(self,agi,10,1)	首回合速度 +10%。
武安国	校	铁锤	主动·瞬发	36%	瞬发 36 | dmg(e1,1.5); st(self,缴械,2)@lastis:吕布	对单体 1.5 倍兵刃。目标是吕布时武安国之后缴械 2 回合（断手）。
李肃	校	说客	指挥	—	指挥 | buff(e1,rate,-20,1)	敌方汉阵营随机一人首回合主动发动率 −20%。
董旻	校	董旻	被动	—	被动 | setup:buff(self,def,8)@in:董卓	董卓在场时统率 +8%。
穆顺	校	穆顺	追击	36%	追击 36 | dmg(tgt,0.7)	普攻后追击 0.7 倍。
张让	校	十常侍	指挥	—	指挥 | buff(eside:汉,def,-5); buff(aside:汉,def,-2)	敌方汉阵营将领统率 −5%。我方汉阵营将领统率 −2%。
杨松	校	贪	指挥	—	指挥 | buff(aall,def,-2)	杨松上阵的仗赢了金币 +6%。我方全体统率 −2%。
王累	校	倒吊	被动	—	被动 | death:buff(aall,def,5)	王累退场时我方全体统率 +5%（谏）。
孔秀	校	东岭关	被动	—	被动 | setup:buff(self,def,10,1)	首回合统率 +10%。
韩福	校	洛阳	追击	36%	追击 36 | dmg(tgt,0.7)	普攻后追击 0.7 倍。
孟坦	校	孟坦	被动	—	被动 | setup:buff(self,agi,10,1)	首回合速度 +10%。
卞喜	校	设伏	主动·瞬发	36%	瞬发 36 | dmg(e1,1.4); dmg(last,0.3)@first	对单体 1.4 倍兵刃。首回合发动时倍率 +0.3。
王植	校	火烧馆驿	主动·瞬发	36%	瞬发 36 | dmg(e1,1.0); dot(last,灼烧,1,2)	对单体 1.0 倍兵刃，灼烧 1 回合。
夏侯杰	校	吓死	被动	—	被动 | setup:buff(self,def,10); setup:flag(吓死)	受到震慑时夏侯杰直接退场。未受震慑时统率 +10%。
曹安民	校	曹安民	被动	—	被动 | setup:buff(self,def,8)@in:曹操	曹操在场时统率 +8%。
许仪	校	虎卫	被动	—	被动 | setup:buff(self,atk,10)@in:许褚	许褚在场时武力 +10%。
成济	校	弑君	主动·瞬发	35%	瞬发 35 | dmg(erole:辅助,1.6); buff(self,def,-10)	对敌方辅助 1.6 倍兵刃（无辅助则随机）。发动后成济统率 −10%（背锅）。
贾充	校	贾充	指挥	—	指挥 | buff(aside:魏,rate,4)	我方魏阵营将领主动发动率 +4%。
范疆	校	范疆	被动	—	被动 | setup:buff(self,dmgout,20)@en:张飞; setup:buff(self,def,-5)@in:张飞	张飞在敌方时对张飞伤害 +20%。张飞在我方时范疆统率 −5%。
张达	校	张达	被动	—	被动 | setup:buff(self,dmgout,20)@en:张飞; setup:buff(self,def,-5)@in:张飞	同范疆。
马邈	校	江油	被动	—	被动 | rend:buff(self,dodge,20,1)@hp<40	兵力低于 40% 时闪避 +20%。
黄皓	校	弄权	指挥	—	指挥 | buff(aall,rate,-3)	我方主动发动率 −3%。黄皓上阵的仗赢了金币 +8%。
樊建	校	樊建	指挥	—	指挥 | buff(awen:蜀,int,4)	我方蜀阵营文臣智力 +4%。
郤正	校	郤正	指挥	—	指挥 | buff(aall,ctrllen,0)	我方全体受到的挑衅持续 −1 回合。
刘禅	校	乐不思蜀	被动	—	被动 | setup:custom(刘禅隐身); rend:heal(aall,1)	刘禅不会被选为单体目标，照常普攻。我方每回合末回兵 1%。
孙皓	校	暴君	指挥	—	指挥 | buff(aall,atk,5); buff(aall,def,-4)	我方全体武力 +5%，统率 −4%。
岑昏	校	岑昏	指挥	—	指挥 | buff(e1,rate,-12,1)	敌方随机一人首回合主动发动率 −12%。
万彧	校	万彧	指挥	—	指挥 | buff(awen:吴,int,4)	我方吴阵营文臣智力 +4%。
张悌	校	末相	被动	—	被动 | rstart:buff(self,atk,12,1)@nlt4	我方在场人数少于四人时武力 +12%。
沈莹	校	青巾兵	兵种	—	兵种 | buff(self,atk,12,1); atk:dmg(other,0.2)	沈莹首回合武力 +12%。沈莹普攻附带 0.2 倍溅射一人。
邓茂	校	邓茂	被动	—	被动 | setup:buff(self,atk,10,1)	首回合武力 +10%。
韩忠	校	韩忠	被动	—	被动 | setup:buff(self,def,6)	统率 +6%。
赵弘	校	赵弘	追击	36%	追击 36 | dmg(tgt,0.7)	普攻后追击 0.7 倍。
孙仲	校	孙仲	被动	—	被动 | setup:buff(self,agi,10,1)	首回合速度 +10%。
严政	校	反戈	被动	—	被动 | setup:buff(self,dmgout,25)@en:张宝	张宝在敌方时对张宝伤害 +25%。
裴元绍	校	裴元绍	被动	—	被动 | setup:buff(self,atk,8)@in:周仓	周仓在场时武力 +8%。
带来洞主	校	带来洞主	被动	—	被动 | setup:buff(self,def,8)@in:孟获	孟获在场时统率 +8%。
忙牙长	校	忙牙长	主动·瞬发	36%	瞬发 36 | dmg(e1,1.5)	对单体 1.5 倍兵刃。
金环三结	校	金环三结	追击	36%	追击 36 | dmg(tgt,0.7)	普攻后追击 0.7 倍。
董荼那	校	董荼那	被动	—	被动 | setup:buff(self,atk,8)@in:阿会喃	阿会喃在场时武力 +8%。
阿会喃	校	阿会喃	被动	—	被动 | setup:buff(self,def,8)@in:董荼那	董荼那在场时统率 +8%。
徹里吉	校	羌王	指挥	—	指挥 | buff(aside:无,atk,5)	我方无阵营将领武力 +5%。
