id	章	章名	关	类型	等级	星级	系数	敌方	Boss	必带	限制	入伙
ch01_000	1	桃园结义	桃园三结义	主线	1	1	1.0	程远志、邓茂、黄巾兵	程远志			
ch01_001	1	桃园结义	大破程远志	主线	2	1	1.0	程远志、邓茂、黄巾兵	程远志			
ch01_002	1	桃园结义	颍川解围	主线	3	1	1.0	波才、严政、黄巾兵	波才			
ch01_003	1	桃园结义	广宗之战	章末	4	1	1.1	张梁、张宝、韩忠、黄巾兵、黄巾兵	张梁			
ch01_004	1	桃园结义	太平要术	隐藏	12	2	1.1	张角、张宝、张梁、波才、管亥、程远志、韩忠、赵弘、孙仲	张角			
ch02_005	2	十常侍之乱	鞭打督邮	主线	5	1	1.01	穆顺、汉军郡兵、汉军郡兵、汉军郡兵	穆顺			
ch02_006	2	十常侍之乱	宫门之变	主线	5	1	1.01	张让、蹇硕、汉军郡兵、汉军郡兵、汉军郡兵	张让			
ch02_007	2	十常侍之乱	董卓进京	主线	6	1	1.01	董旻、李肃、牛辅、西凉兵、西凉兵	董旻			
ch02_008	2	十常侍之乱	吕布杀丁原	章末	6	1	1.111	吕布、李肃、侯成、魏续、并州骑、并州骑、并州骑	吕布		吕布兵力70%	
ch03_009	3	讨董联盟	矫诏聚义	主线	6	1	1.02	徐荣、牛辅、西凉兵、西凉兵、西凉兵	徐荣			
ch03_010	3	讨董联盟	汜水关	主线	7	1	1.02	华雄、李肃、西凉兵、西凉兵、西凉兵	华雄			
ch03_011	3	讨董联盟	温酒斩华雄	主线	7	1	1.02	华雄、西凉兵、西凉兵、西凉兵、西凉兵、西凉兵	华雄		华雄兵力150%	
ch03_012	3	讨董联盟	三英战吕布	章末	8	1	1.122	吕布、张辽、高顺、侯成、宋宪、魏续、并州骑	吕布		吕布兵力120%	
ch03_013	3	讨董联盟	洛阳井中物	隐藏	15	2	1.122	吕布、董卓、华雄、李儒、张辽、高顺、徐荣、牛辅、李肃	吕布			
ch04_014	4	连环计	火烧洛阳	主线	8	1	1.03	徐荣、李傕、郭汜、西凉兵、西凉兵	徐荣			
ch04_015	4	连环计	凤仪亭	主线	8	1	1.03	董卓、吕布、李儒、西凉兵、西凉兵	董卓		吕布董卓反目：每回合末各受 3% 兵力真实伤害	
ch04_016	4	连环计	诛董卓	主线	9	1	1.03	董卓、李儒、董旻、西凉兵、西凉兵、西凉兵	董卓			
ch04_017	4	连环计	李郭反攻长安	章末	9	1	1.133	李傕、郭汜、贾诩、张济、樊稠、西凉兵、西凉兵	李傕			
ch05_018	5	群雄逐鹿	界桥之战	主线	10	1	1.04	公孙瓒、王匡、汉军郡兵、汉军郡兵、汉军郡兵	公孙瓒			
ch05_019	5	群雄逐鹿	岘山伏兵	主线	10	1	1.04	黄祖、蔡瑁、张允、荆州水军、荆州水军	黄祖			
ch05_020	5	群雄逐鹿	陶谦让徐州	主线	10	1	1.04	曹操、夏侯惇、曹仁、于禁、魏卒·刀盾、魏卒·刀盾	曹操			
ch05_021	5	群雄逐鹿	濮阳大战	章末	11	1	1.144	吕布、陈宫、张辽、高顺、臧霸、并州骑、并州骑	吕布			
ch05_022	5	群雄逐鹿	白马义从	支线	11	1	1.04	公孙瓒、田豫、刘虞、阎柔、田畴、王匡、刘岱、鲍信、张邈	公孙瓒			
ch06_023	6	江东小霸王	传国玺借兵	主线	11	2	1.05	袁术、纪灵、张勋、袁军步卒、袁军步卒	袁术			
ch06_024	6	江东小霸王	神亭酣斗	主线	12	1	1.0	太史慈	太史慈		一对一	
ch06_025	6	江东小霸王	平定江东	主线	12	2	1.05	王朗、陈登、纪灵、汉军郡兵、汉军郡兵、汉军郡兵	王朗			
ch06_026	6	江东小霸王	小霸王之死	章末	13	2	1.155	于吉、陈登、郝萌、汉军郡兵、汉军郡兵、汉军郡兵、汉军郡兵	于吉			
ch06_027	6	江东小霸王	于吉的符水	隐藏	20	3	1.155	于吉、王朗、陈登、纪灵、张勋、袁术、桥蕤、雷薄、陈兰	于吉			
ch07_028	7	辕门射戟	吕布袭徐州	主线	13	2	1.06	吕布、高顺、侯成、并州骑、并州骑	吕布			
ch07_029	7	辕门射戟	辕门射戟	主线	13	2	1.06	纪灵、张勋、桥蕤、雷薄、袁军步卒、袁军步卒	纪灵			
ch07_030	7	辕门射戟	宛城之战	主线	14	2	1.06	张绣、贾诩、张济、西凉兵、西凉兵、西凉兵	张绣			
ch07_031	7	辕门射戟	白门楼	章末	14	2	1.166	吕布、陈宫、高顺、张辽、侯成、并州骑、并州骑、并州骑	吕布			
ch07_032	7	辕门射戟	陈宫的最后一计	支线	15	2	1.06	陈宫、吕布、高顺、张辽、侯成、宋宪、魏续、郝萌、臧霸	陈宫			
ch08_033	8	煮酒论英雄	许田打围	主线	15	2	1.07	曹操、许褚、曹洪、魏卒·刀盾、魏卒·刀盾	曹操			
ch08_034	8	煮酒论英雄	衣带诏	主线	15	2	1.07	曹操、曹仁、夏侯惇、满宠、魏卒·刀盾、魏卒·刀盾	曹操			
ch08_035	8	煮酒论英雄	煮酒论英雄	主线	16	2	1.07	曹操、许褚、曹纯、魏卒·刀盾、魏卒·刀盾、魏卒·刀盾	曹操			
ch08_036	8	煮酒论英雄	徐州失守	章末	16	2	1.177	曹操、夏侯惇、曹仁、于禁、乐进、魏卒·刀盾、魏卒·刀盾、魏卒·刀盾	曹操			
ch09_037	9	千里走单骑	土山约三事	主线	17	2	1.08	张辽、许褚、徐晃、夏侯渊、魏卒·刀盾	张辽			
ch09_038	9	千里走单骑	斩颜良诛文丑	主线	17	2	1.08	颜良、文丑、淳于琼、袁军步卒、袁军步卒、袁军步卒	颜良			
ch09_039	9	千里走单骑	过五关斩六将	主线	18	2	1.08	孔秀、韩福、孟坦、卞喜、王植、秦琪、魏卒·刀盾	孔秀		只能带三人；六将车轮战，每战回兵20%	
ch09_040	9	千里走单骑	古城会	章末	18	2	1.188	蔡阳、魏卒·刀盾、魏卒·刀盾、魏卒·刀盾、魏卒·刀盾、魏卒·刀盾、魏卒·刀盾、魏卒·刀盾	蔡阳			
ch10_041	10	官渡之战	白马延津	主线	19	2	1.09	颜良、文丑、沮授、高览、袁军步卒、袁军步卒	颜良			
ch10_042	10	官渡之战	许攸夜奔	主线	19	2	1.09	许攸、审配、逢纪、郭图、袁军步卒、袁军步卒	许攸			
ch10_043	10	官渡之战	火烧乌巢	主线	20	2	1.09	淳于琼、蒋义渠、韩猛、袁军步卒、袁军步卒、袁军步卒、袁军步卒	淳于琼			
ch10_044	10	官渡之战	官渡决战	章末	20	2	1.199	袁绍、张郃、高览、审配、逢纪、袁军步卒、袁军步卒、袁军步卒、袁军步卒	袁绍			
ch10_045	10	官渡之战	冀州府库	隐藏	27	3	1.199	袁绍、颜良、文丑、张郃、高览、田丰、沮授、审配、淳于琼	袁绍			
ch10_046	10	官渡之战	河北四庭柱	支线	21	2	1.09	颜良、文丑、张郃、高览、麹义、韩猛、蒋义渠、淳于琼、袁绍	颜良			
ch11_047	11	三顾茅庐	跃马檀溪	主线	21	3	1.1	蔡瑁、张允、蒯越、荆州水军、荆州水军、荆州水军	蔡瑁			
ch11_048	11	三顾茅庐	三顾茅庐	主线	21	3	1.1	夏侯惇、韩浩、魏卒·刀盾、魏卒·刀盾、魏卒·刀盾、魏卒·刀盾	夏侯惇			
ch11_049	11	三顾茅庐	火烧博望	主线	22	3	1.1	夏侯惇、于禁、李典、韩浩、魏卒·刀盾、魏卒·刀盾、魏卒·刀盾	夏侯惇			
ch11_050	11	三顾茅庐	火烧新野	章末	22	3	1.21	曹仁、曹洪、许褚、牛金、魏卒·刀盾、魏卒·刀盾、魏卒·刀盾、魏卒·刀盾	曹仁			
ch11_051	11	三顾茅庐	水镜山庄	支线	22	3	1.1	蔡瑁、张允、蒯良、蒯越、刘表、黄祖、文聘、张允、荆州水军	蔡瑁			
ch12_052	12	长坂坡	携民渡江	主线	23	3	1.11	曹纯、文聘、虎豹骑、虎豹骑、虎豹骑、虎豹骑	曹纯			
ch12_053	12	长坂坡	赵云救主	主线	23	3	1.11	曹纯、夏侯恩、张郃、牛金、虎豹骑、虎豹骑、虎豹骑	曹纯			
ch12_054	12	长坂坡	据水断桥	主线	24	3	1.11	曹操、许褚、张辽、夏侯惇、曹仁、夏侯杰、魏卒·刀盾	曹操		只能带一人；桥窄，每回合只有一个敌人能攻击；撑过三回合即胜	
ch12_055	12	长坂坡	曹操南下	章末	24	3	1.221	曹操、曹仁、夏侯惇、张辽、荆州水军、荆州水军、荆州水军	曹操			
ch12_056	12	长坂坡	徐母的信	隐藏	30	4	1.221	程昱、曹操、荀攸、贾诩、满宠、刘晔、董昭、毛玠、蒋济	程昱			
ch13_057	13	赤壁·上	舌战群儒	主线	25	3	1.12	张昭、虞翻、步骘、薛综、吴卒·环刀、吴卒·环刀	张昭			
ch13_058	13	赤壁·上	草船借箭	主线	25	3	1.12	曹仁、于禁、张辽、魏卒·弓手、魏卒·弓手、魏卒·弓手、魏卒·弓手	曹仁		我方不能攻击；撑过三回合即胜	
ch13_059	13	赤壁·上	苦肉计	主线	26	3	1.12	周瑜、程普、黄盖、吴卒·环刀、吴卒·环刀、吴卒·环刀、吴卒·环刀	周瑜			
ch13_060	13	赤壁·上	借东风	章末	26	3	1.232	蔡瑁、张允、于禁、乐进、荀攸、荆州水军、荆州水军、荆州水军、荆州水军	蔡瑁		我方灼烧伤害翻倍	
ch13_061	13	赤壁·上	蒋干盗书	支线	26	3	1.12	曹操、蔡瑁、张允、曹仁、于禁、荀攸、程昱、许褚、徐晃	曹操			
ch14_062	14	赤壁·下	火烧赤壁	主线	27	3	1.13	曹操、张辽、徐晃、许褚、魏卒·刀盾、魏卒·刀盾、魏卒·刀盾	曹操			
ch14_063	14	赤壁·下	华容道	主线	27	3	1.13	曹操、张辽、许褚、徐晃、魏卒·刀盾、魏卒·刀盾、魏卒·刀盾、魏卒·刀盾	曹操			
ch14_064	14	赤壁·下	义释曹操	主线	28	3	1.13	曹操、张辽、许褚、徐晃、魏卒·刀盾、魏卒·刀盾、魏卒·刀盾、魏卒·刀盾	曹操		曹操兵力50%；华容道上的残兵	
ch14_065	14	赤壁·下	三江口	章末	28	3	1.243	曹仁、曹洪、牛金、满宠、曹纯、魏卒·刀盾、魏卒·刀盾、魏卒·刀盾、魏卒·刀盾	曹仁			
ch14_066	14	赤壁·下	铜雀台	隐藏	34	4	1.243	曹操、曹丕、曹彰、曹休、曹真、许褚、典韦、夏侯惇、夏侯渊	曹操			
ch15_067	15	三气周瑜	一气周瑜	主线	29	3	1.14	曹仁、曹洪、牛金、黄忠、魏卒·刀盾、魏卒·刀盾、魏卒·刀盾	曹仁			
ch15_068	15	三气周瑜	甘露寺	主线	29	3	1.14	周瑜、贾华、周善、吴卒·环刀、吴卒·环刀、吴卒·环刀、吴卒·环刀	周瑜		刀斧手伏于两廊	
ch15_069	15	三气周瑜	二气周瑜	主线	30	3	1.14	周瑜、徐盛、丁奉、蒋钦、吴卒·环刀、吴卒·环刀、吴卒·环刀、吴卒·环刀	周瑜			
ch15_070	15	三气周瑜	三气周瑜	章末	30	3	1.254	周瑜、甘宁、凌统、徐盛、丁奉、吴卒·环刀、吴卒·环刀、吴卒·环刀	周瑜			
ch15_071	15	三气周瑜	江表虎臣	支线	30	3	1.14	程普、黄盖、韩当、周泰、蒋钦、陈武、董袭、凌操、潘璋	程普			
ch16_072	16	马超复仇	马腾遇害	主线	31	4	1.15	曹操、曹洪、许褚、荀攸、魏卒·刀盾、魏卒·刀盾、魏卒·刀盾	曹操			
ch16_073	16	马超复仇	潼关之战	主线	31	4	1.15	马超、马岱、庞德、韩遂、西凉兵、西凉兵、西凉兵、西凉兵	马超			
ch16_074	16	马超复仇	裸衣斗马超	主线	32	1	1.0	马超	马超		一对一	
ch16_075	16	马超复仇	渭水离间	章末	32	4	1.265	马超、韩遂、马岱、庞德、阎行、西凉兵、西凉兵、西凉兵、西凉兵	马超			
ch16_076	16	马超复仇	西凉铁骑	隐藏	38	5	1.265	马超、马腾、马岱、庞德、韩遂、阎行、马云禄、董卓、牛辅	马超			
ch17_077	17	取西川	张松献图	主线	33	4	1.16	曹操、杨修、许褚、魏卒·刀盾、魏卒·刀盾、魏卒·刀盾、魏卒·刀盾	曹操			
ch17_078	17	取西川	落凤坡	主线	33	4	1.16	张任、刘璝、泠苞、邓贤、蜀卒·长枪、蜀卒·长枪、蜀卒·长枪、蜀卒·长枪	张任			
ch17_079	17	取西川	义释严颜	主线	34	4	1.16	严颜、蜀卒·长枪、蜀卒·长枪、蜀卒·长枪、蜀卒·长枪、蜀卒·长枪、蜀卒·长枪、蜀卒·长枪	严颜			
ch17_080	17	取西川	雒城·张任	主线	34	4	1.16	张任、刘璝、吴懿、吴班、蜀卒·长枪、蜀卒·长枪、蜀卒·长枪、蜀卒·长枪	张任			
ch17_081	17	取西川	成都开城	章末	35	4	1.276	刘璋、张任、刘璝、泠苞、邓贤、蜀卒·长枪、蜀卒·长枪、蜀卒·长枪、蜀卒·长枪	刘璋			
ch17_082	17	取西川	西川五将	支线	35	4	1.16	张任、泠苞、邓贤、刘璝、吴懿、吴班、雷铜、吴兰、刘璋	张任			
ch18_083	18	汉中王	单刀赴会	主线	35	4	1.17	鲁肃、吕蒙、甘宁、凌统、周泰、蒋钦、潘璋、徐盛、丁奉	鲁肃		只能带两人；敌方前两回合不能攻击；撑过四回合即胜	
ch18_084	18	汉中王	逍遥津	主线	36	4	1.17	张辽、乐进、李典、文聘、魏卒·刀盾、魏卒·刀盾、魏卒·刀盾、魏卒·刀盾	张辽			
ch18_085	18	汉中王	定军山	主线	36	4	1.17	夏侯渊、张郃、夏侯尚、韩浩、魏卒·刀盾、魏卒·刀盾、魏卒·刀盾、魏卒·刀盾	夏侯渊			
ch18_086	18	汉中王	汉水之战	主线	37	4	1.17	曹操、徐晃、张郃、许褚、魏卒·刀盾、魏卒·刀盾、魏卒·刀盾、魏卒·刀盾	曹操			
ch18_087	18	汉中王	汉中王	章末	37	4	1.287	曹操、曹真、徐晃、张郃、许褚、魏卒·刀盾、魏卒·刀盾、魏卒·刀盾	曹操			
ch18_088	18	汉中王	鸡肋	隐藏	43	5	1.287	曹操、杨修、许褚、徐晃、张郃、曹真、曹洪、曹休、夏侯尚	曹操			
ch19_089	19	走麦城	水淹七军	主线	38	4	1.18	于禁、庞德、朱灵、魏卒·刀盾、魏卒·刀盾、魏卒·刀盾、魏卒·刀盾、魏卒·刀盾	于禁			
ch19_090	19	走麦城	刮骨疗毒	主线	38	4	1.18	曹仁、满宠、牛金、魏卒·弓手、魏卒·弓手、魏卒·弓手、魏卒·弓手	曹仁		我方首位开场兵力50%且中毒3回合	
ch19_091	19	走麦城	白衣渡江	主线	38	4	1.18	吕蒙、陆逊、糜芳、傅士仁、吴卒·环刀、吴卒·环刀、吴卒·环刀、吴卒·环刀	吕蒙			
ch19_092	19	走麦城	走麦城	章末	39	4	1.298	吕蒙、陆逊、潘璋、马忠（吴）、朱然、吴卒·环刀、吴卒·环刀、吴卒·环刀、吴卒·环刀	吕蒙			
ch19_093	19	走麦城	五子良将	支线	39	4	1.18	张辽、乐进、于禁、张郃、徐晃、李典、曹仁、夏侯渊、庞德	张辽			
ch20_094	20	夷陵之战	曹丕篡汉	主线	39	4	1.19	曹丕、华歆、贾诩、司马懿、魏卒·刀盾、魏卒·刀盾、魏卒·刀盾、魏卒·刀盾	曹丕			
ch20_095	20	夷陵之战	张飞遇害	主线	40	4	1.19	范疆、张达、吴卒·环刀、吴卒·环刀、吴卒·环刀、吴卒·环刀、吴卒·环刀	范疆			
ch20_096	20	夷陵之战	火烧连营	主线	40	4	1.19	陆逊、朱然、潘璋、韩当、吴卒·环刀、吴卒·环刀、吴卒·环刀、吴卒·环刀	陆逊			
ch20_097	20	夷陵之战	白帝托孤	章末	41	4	1.309	陆逊、朱然、潘璋、韩当、周泰、吴卒·环刀、吴卒·环刀、吴卒·环刀、吴卒·环刀	陆逊			
ch20_098	20	夷陵之战	八阵图	隐藏	46	5	1.309	陆逊、孙权、朱然、潘璋、韩当、周泰、徐盛、丁奉、全琮	陆逊			
ch21_099	21	七擒孟获	南中反叛	主线	41	5	1.2	孟优、董荼那、带来洞主、南蛮兵、南蛮兵、南蛮兵、南蛮兵、南蛮兵	孟优			
ch21_100	21	七擒孟获	五月渡泸	主线	41	5	1.2	孟优、董荼那、阿会喃、金环三结、南蛮兵、南蛮兵、南蛮兵、南蛮兵	孟优			
ch21_101	21	七擒孟获	祝融夫人	主线	42	5	1.2	祝融、孟优、带来洞主、忙牙长、南蛮兵、南蛮兵、南蛮兵、南蛮兵	祝融			
ch21_102	21	七擒孟获	藤甲兵	主线	42	5	1.2	兀突骨、朵思大王、孟优、藤甲兵、藤甲兵、藤甲兵、藤甲兵、藤甲兵	兀突骨			
ch21_103	21	七擒孟获	七擒七纵	章末	43	5	1.32	孟获、祝融、木鹿大王、朵思大王、兀突骨、孟优、带来洞主、忙牙长、金环三结	孟获		孟获回场七次，兵力递减	
ch21_104	21	七擒孟获	木鹿大王	支线	43	5	1.2	木鹿大王、朵思大王、祝融、孟获、兀突骨、孟优、带来洞主、董荼那、阿会喃	木鹿大王			
ch22_105	22	出师北伐	出师表	主线	43	5	1.21	夏侯尚、韩浩、魏卒·刀盾、魏卒·刀盾、魏卒·刀盾、魏卒·刀盾、魏卒·刀盾	夏侯尚			
ch22_106	22	出师北伐	收姜维	主线	44	5	1.21	姜维、郭淮、魏卒·刀盾、魏卒·刀盾、魏卒·刀盾、魏卒·刀盾、魏卒·刀盾、魏卒·刀盾	姜维			
ch22_107	22	出师北伐	街亭	主线	44	5	1.21	张郃、司马懿、郭淮、曹真、司马师、魏卒·刀盾、魏卒·刀盾、魏卒·刀盾	张郃			
ch22_108	22	出师北伐	空城计	主线	45	5	1.21	司马懿、司马师、司马昭、张郃、郭淮、曹真、魏卒·刀盾、魏卒·刀盾	司马懿		只能带一人；敌方前两回合不能攻击；撑过三回合即胜	
ch22_109	22	出师北伐	挥泪斩马谡	章末	45	5	1.331	张郃、郭淮、曹真、司马师、王双、魏卒·刀盾、魏卒·刀盾、魏卒·刀盾、魏卒·刀盾	张郃			
ch23_110	23	六出祁山	陈仓	主线	46	5	1.22	郝昭、王双、曹真、魏卒·刀盾、魏卒·刀盾、魏卒·刀盾、魏卒·刀盾、魏卒·刀盾	郝昭			
ch23_111	23	六出祁山	木牛流马	主线	46	5	1.22	司马懿、张郃、郭淮、司马昭、魏卒·刀盾、魏卒·刀盾、魏卒·刀盾、魏卒·刀盾	司马懿			
ch23_112	23	六出祁山	上方谷	主线	47	5	1.22	司马懿、司马师、司马昭、郭淮、张郃、魏卒·刀盾、魏卒·刀盾、魏卒·刀盾、魏卒·刀盾	司马懿			
ch23_113	23	六出祁山	五丈原	章末	47	5	1.342	司马懿、司马师、司马昭、郭淮、邓艾、钟会、魏卒·刀盾、魏卒·刀盾	司马懿			
ch23_114	23	六出祁山	死诸葛走生仲达	隐藏	50	5	1.342	司马懿、司马师、司马昭、张郃、郭淮、曹真、夏侯霸、陈泰、王双	司马懿			
ch23_115	23	六出祁山	反骨魏延	支线	48	5	1.22	魏延、陈式、高翔、句扶、张翼、张嶷、廖化、王平、杨仪	魏延			
ch24_116	24	司马篡魏	高平陵	主线	48	5	1.23	司马懿、司马师、司马昭、贾充、魏卒·刀盾、魏卒·刀盾、魏卒·刀盾、魏卒·刀盾	司马懿			
ch24_117	24	司马篡魏	淮南三叛	主线	48	5	1.23	王凌、毌丘俭、诸葛诞、文钦、文鸯、魏卒·刀盾、魏卒·刀盾、魏卒·刀盾	王凌			
ch24_118	24	司马篡魏	文鸯单骑	主线	49	5	1.23	文鸯、文钦、毌丘俭、魏卒·刀盾、魏卒·刀盾、魏卒·刀盾、魏卒·刀盾、魏卒·刀盾、魏卒·刀盾	文鸯			
ch24_119	24	司马篡魏	司马昭之心	章末	49	5	1.353	司马昭、贾充、成济、钟会、邓艾、陈泰、魏卒·刀盾、魏卒·刀盾、魏卒·刀盾	司马昭			
ch25_120	25	姜维九伐	洮西大捷	主线	49	5	1.24	王经、陈泰、邓艾、魏卒·刀盾、魏卒·刀盾、魏卒·刀盾、魏卒·刀盾、魏卒·刀盾	王经			
ch25_121	25	姜维九伐	段谷之败	主线	50	5	1.24	邓艾、陈泰、王经、田豫、魏卒·刀盾、魏卒·刀盾、魏卒·刀盾、魏卒·刀盾	邓艾			
ch25_122	25	姜维九伐	沓中屯田	主线	50	5	1.24	黄皓、阎宇、谯周、蜀卒·长枪、蜀卒·长枪、蜀卒·长枪、蜀卒·长枪、蜀卒·长枪	黄皓			
ch25_123	25	姜维九伐	剑阁	章末	50	5	1.364	钟会、邓艾、田豫、陈泰、王经、贾充、魏卒·刀盾、魏卒·刀盾、魏卒·刀盾	钟会			
ch25_124	25	姜维九伐	姜维的遗计	隐藏	54	5	1.364	钟会、邓艾、司马昭、贾充、杜预、羊祜、陈泰、王经、田豫	钟会			
ch26_125	26	三国归晋	偷渡阴平	主线	51	5	1.25	邓艾、田豫、马邈、魏卒·刀盾、魏卒·刀盾、魏卒·刀盾、魏卒·刀盾、魏卒·刀盾	邓艾			
ch26_126	26	三国归晋	绵竹之战	主线	52	5	1.25	邓艾、田豫、钟会、杜预、羊祜、魏卒·刀盾、魏卒·刀盾、魏卒·刀盾、魏卒·刀盾	邓艾			
ch26_127	26	三国归晋	成都出降	主线	52	5	1.25	谯周、黄皓、樊建、郤正、刘禅、蜀卒·长枪、蜀卒·长枪、蜀卒·长枪	谯周			
ch26_128	26	三国归晋	三国归晋	章末	53	5	1.375	司马昭、王濬、杜预、羊祜、钟会、邓艾、魏卒·刀盾、魏卒·刀盾、魏卒·刀盾	司马昭			
ch26_129	26	三国归晋	终极试炼	隐藏	60	5	1.375	吕布、关羽、诸葛亮、曹操、周瑜、司马懿、赵云、张飞、孙策	吕布			
ch27_130	27	黄巾余烬	管亥围北海	支线	42	5	1.26	管亥、孔融、太史慈、张梁、张宝、波才、程远志、严政、裴元绍	管亥			
ch27_131	27	黄巾余烬	黑山张燕	支线	43	5	1.26	张燕、管亥、波才、张梁、张宝、韩忠、赵弘、孙仲、邓茂	张燕			
ch27_132	27	黄巾余烬	大贤良师	隐藏	48	5	1.386	张角、张宝、张梁、管亥、张燕、波才、程远志、韩忠、赵弘	张角			
ch28_133	28	西凉羌胡	韩遂割据	支线	44	5	1.27	韩遂、阎行、马腾、马岱、庞德、樊稠、张济、牛辅、李傕	韩遂			
ch28_134	28	西凉羌胡	越吉元帅	支线	45	5	1.27	越吉元帅、迷当大王、徹里吉、韩遂、阎行、马岱、庞德、马云禄、樊稠	越吉元帅			
ch28_135	28	西凉羌胡	西凉宝库	隐藏	50	5	1.397	马超、马腾、韩遂、越吉元帅、迷当大王、阎行、徹里吉、庞德、马岱	马超			
ch29_136	29	南蛮秘境	朵思大王	支线	46	5	1.28	朵思大王、木鹿大王、孟优、带来洞主、忙牙长、金环三结、董荼那、阿会喃、祝融	朵思大王			
ch29_137	29	南蛮秘境	兀突骨	支线	47	5	1.28	兀突骨、朵思大王、木鹿大王、孟获、祝融、孟优、带来洞主、忙牙长、沙摩柯	兀突骨			
ch29_138	29	南蛮秘境	银坑洞秘藏	隐藏	52	5	1.408	孟获、祝融、兀突骨、木鹿大王、朵思大王、沙摩柯、孟优、带来洞主、忙牙长	孟获			
ch30_139	30	边地烽火	辽东公孙渊	支线	48	5	1.29	公孙渊、轲比能、蹋顿、田豫、阎柔、公孙瓒、王匡、刘虞、田畴	公孙渊			
ch30_140	30	边地烽火	鲜卑轲比能	支线	49	5	1.29	轲比能、蹋顿、公孙渊、越吉元帅、迷当大王、徹里吉、韩龙、田豫、阎柔	轲比能			
ch30_141	30	边地烽火	白狼山	隐藏	55	5	1.419	蹋顿、轲比能、公孙渊、张辽、曹纯、田畴、阎柔、田豫、韩龙	蹋顿			
